source_family,signal_type,series_id,published_industry_code,target_industry_code,mapping_relationship,observation_date,value,units,seasonal_adjustment,base_period,release_period,source
fed_g17,capacity_index,CAP.G311A2.S,"311,312",311111,broader_published,2024-01-01,124.3095,Industrial capacity index (2017=100),Seasonally adjusted,2017=100,2026-04,Board of Governors of the Federal Reserve System G.17
fed_g17,capacity_index,CAP.G311A2.S,"311,312",311111,broader_published,2024-02-01,124.2388,Industrial capacity index (2017=100),Seasonally adjusted,2017=100,2026-04,Board of Governors of the Federal Reserve System G.17
fed_g17,capacity_index,CAP.G311A2.S,"311,312",311111,broader_published,2024-03-01,124.1702,Industrial capacity index (2017=100),Seasonally adjusted,2017=100,2026-04,Board of Governors of the Federal Reserve System G.17
fed_g17,capacity_index,CAP.G311A2.S,"311,312",311111,broader_published,2024-04-01,124.1078,Industrial capacity index (2017=100),Seasonally adjusted,2017=100,2026-04,Board of Governors of the Federal Reserve System G.17
fed_g17,capacity_index,CAP.G311A2.S,"311,312",311111,broader_published,2024-05-01,124.0538,Industrial capacity index (2017=100),Seasonally adjusted,2017=100,2026-04,Board of Governors of the Federal Reserve System G.17
fed_g17,capacity_index,CAP.G311A2.S,"311,312",311111,broader_published,2024-06-01,124.0113,Industrial capacity index (2017=100),Seasonally adjusted,2017=100,2026-04,Board of Governors of the Federal Reserve System G.17
fed_g17,capacity_index,CAP.G311A2.S,"311,312",311111,broader_published,2024-07-01,123.9841,Industrial capacity index (2017=100),Seasonally adjusted,2017=100,2026-04,Board of Governors of the Federal Reserve System G.17
fed_g17,capacity_index,CAP.G311A2.S,"311,312",311111,broader_published,2024-08-01,123.9761,Industrial capacity index (2017=100),Seasonally adjusted,2017=100,2026-04,Board of Governors of the Federal Reserve System G.17
fed_g17,capacity_index,CAP.G311A2.S,"311,312",311111,broader_published,2024-09-01,123.9891,Industrial capacity index (2017=100),Seasonally adjusted,2017=100,2026-04,Board of Governors of the Federal Reserve System G.17
fed_g17,capacity_index,CAP.G311A2.S,"311,312",311111,broader_published,2024-10-01,124.0257,Industrial capacity index (2017=100),Seasonally adjusted,2017=100,2026-04,Board of Governors of the Federal Reserve System G.17
fed_g17,capacity_index,CAP.G311A2.S,"311,312",311111,broader_published,2024-11-01,124.0878,Industrial capacity index (2017=100),Seasonally adjusted,2017=100,2026-04,Board of Governors of the Federal Reserve System G.17
fed_g17,capacity_index,CAP.G311A2.S,"311,312",311111,broader_published,2024-12-01,124.1748,Industrial capacity index (2017=100),Seasonally adjusted,2017=100,2026-04,Board of Governors of the Federal Reserve System G.17
fed_g17,capacity_index,CAP.G311A2.S,"311,312",311111,broader_published,2025-01-01,124.2867,Industrial capacity index (2017=100),Seasonally adjusted,2017=100,2026-04,Board of Governors of the Federal Reserve System G.17
fed_g17,capacity_index,CAP.G311A2.S,"311,312",311111,broader_published,2025-02-01,124.4226,Industrial capacity index (2017=100),Seasonally adjusted,2017=100,2026-04,Board of Governors of the Federal Reserve System G.17
fed_g17,capacity_index,CAP.G311A2.S,"311,312",311111,broader_published,2025-03-01,124.5816,Industrial capacity index (2017=100),Seasonally adjusted,2017=100,2026-04,Board of Governors of the Federal Reserve System G.17
fed_g17,capacity_index,CAP.G311A2.S,"311,312",311111,broader_published,2025-04-01,124.7616,Industrial capacity index (2017=100),Seasonally adjusted,2017=100,2026-04,Board of Governors of the Federal Reserve System G.17
fed_g17,capacity_index,CAP.G311A2.S,"311,312",311111,broader_published,2025-05-01,124.9593,Industrial capacity index (2017=100),Seasonally adjusted,2017=100,2026-04,Board of Governors of the Federal Reserve System G.17
fed_g17,capacity_index,CAP.G311A2.S,"311,312",311111,broader_published,2025-06-01,125.172,Industrial capacity index (2017=100),Seasonally adjusted,2017=100,2026-04,Board of Governors of the Federal Reserve System G.17
fed_g17,capacity_index,CAP.G311A2.S,"311,312",311111,broader_published,2025-07-01,125.3945,Industrial capacity index (2017=100),Seasonally adjusted,2017=100,2026-04,Board of Governors of the Federal Reserve System G.17
fed_g17,capacity_index,CAP.G311A2.S,"311,312",311111,broader_published,2025-08-01,125.6234,Industrial capacity index (2017=100),Seasonally adjusted,2017=100,2026-04,Board of Governors of the Federal Reserve System G.17
fed_g17,capacity_index,CAP.G311A2.S,"311,312",311111,broader_published,2025-09-01,125.855,Industrial capacity index (2017=100),Seasonally adjusted,2017=100,2026-04,Board of Governors of the Federal Reserve System G.17
fed_g17,capacity_index,CAP.G311A2.S,"311,312",311111,broader_published,2025-10-01,126.087,Industrial capacity index (2017=100),Seasonally adjusted,2017=100,2026-04,Board of Governors of the Federal Reserve System G.17
fed_g17,capacity_index,CAP.G311A2.S,"311,312",311111,broader_published,2025-11-01,126.3163,Industrial capacity index (2017=100),Seasonally adjusted,2017=100,2026-04,Board of Governors of the Federal Reserve System G.17
fed_g17,capacity_index,CAP.G311A2.S,"311,312",311111,broader_published,2025-12-01,126.5402,Industrial capacity index (2017=100),Seasonally adjusted,2017=100,2026-04,Board of Governors of the Federal Reserve System G.17
fed_g17,capacity_index,CAP.G311A2.S,"311,312",311111,broader_published,2026-01-01,126.5421,Industrial capacity index (2017=100),Seasonally adjusted,2017=100,2026-04,Board of Governors of the Federal Reserve System G.17
fed_g17,capacity_index,CAP.G311A2.S,"311,312",311111,broader_published,2026-02-01,126.6452,Industrial capacity index (2017=100),Seasonally adjusted,2017=100,2026-04,Board of Governors of the Federal Reserve System G.17
fed_g17,capacity_index,CAP.G311A2.S,"311,312",311111,broader_published,2026-03-01,126.7063,Industrial capacity index (2017=100),Seasonally adjusted,2017=100,2026-04,Board of Governors of the Federal Reserve System G.17
fed_g17,capacity_index,CAP.G311A2.S,"311,312",311111,broader_published,2026-04-01,126.728,Industrial capacity index (2017=100),Seasonally adjusted,2017=100,2026-04,Board of Governors of the Federal Reserve System G.17
fed_g17,capacity_index,CAP.G322.S,322,322120,broader_published,2024-01-01,104.0527,Industrial capacity index (2017=100),Seasonally adjusted,2017=100,2026-04,Board of Governors of the Federal Reserve System G.17
fed_g17,capacity_index,CAP.G322.S,322,322120,broader_published,2024-02-01,103.9734,Industrial capacity index (2017=100),Seasonally adjusted,2017=100,2026-04,Board of Governors of the Federal Reserve System G.17
fed_g17,capacity_index,CAP.G322.S,322,322120,broader_published,2024-03-01,103.8848,Industrial capacity index (2017=100),Seasonally adjusted,2017=100,2026-04,Board of Governors of the Federal Reserve System G.17
fed_g17,capacity_index,CAP.G322.S,322,322120,broader_published,2024-04-01,103.7889,Industrial capacity index (2017=100),Seasonally adjusted,2017=100,2026-04,Board of Governors of the Federal Reserve System G.17
fed_g17,capacity_index,CAP.G322.S,322,322120,broader_published,2024-05-01,103.6876,Industrial capacity index (2017=100),Seasonally adjusted,2017=100,2026-04,Board of Governors of the Federal Reserve System G.17
fed_g17,capacity_index,CAP.G322.S,322,322120,broader_published,2024-06-01,103.5827,Industrial capacity index (2017=100),Seasonally adjusted,2017=100,2026-04,Board of Governors of the Federal Reserve System G.17
fed_g17,capacity_index,CAP.G322.S,322,322120,broader_published,2024-07-01,103.477,Industrial capacity index (2017=100),Seasonally adjusted,2017=100,2026-04,Board of Governors of the Federal Reserve System G.17
fed_g17,capacity_index,CAP.G322.S,322,322120,broader_published,2024-08-01,103.3724,Industrial capacity index (2017=100),Seasonally adjusted,2017=100,2026-04,Board of Governors of the Federal Reserve System G.17
fed_g17,capacity_index,CAP.G322.S,322,322120,broader_published,2024-09-01,103.2706,Industrial capacity index (2017=100),Seasonally adjusted,2017=100,2026-04,Board of Governors of the Federal Reserve System G.17
fed_g17,capacity_index,CAP.G322.S,322,322120,broader_published,2024-10-01,103.1725,Industrial capacity index (2017=100),Seasonally adjusted,2017=100,2026-04,Board of Governors of the Federal Reserve System G.17
fed_g17,capacity_index,CAP.G322.S,322,322120,broader_published,2024-11-01,103.0789,Industrial capacity index (2017=100),Seasonally adjusted,2017=100,2026-04,Board of Governors of the Federal Reserve System G.17
fed_g17,capacity_index,CAP.G322.S,322,322120,broader_published,2024-12-01,102.9907,Industrial capacity index (2017=100),Seasonally adjusted,2017=100,2026-04,Board of Governors of the Federal Reserve System G.17
fed_g17,capacity_index,CAP.G322.S,322,322120,broader_published,2025-01-01,102.9079,Industrial capacity index (2017=100),Seasonally adjusted,2017=100,2026-04,Board of Governors of the Federal Reserve System G.17
fed_g17,capacity_index,CAP.G322.S,322,322120,broader_published,2025-02-01,102.8305,Industrial capacity index (2017=100),Seasonally adjusted,2017=100,2026-04,Board of Governors of the Federal Reserve System G.17
fed_g17,capacity_index,CAP.G322.S,322,322120,broader_published,2025-03-01,102.7581,Industrial capacity index (2017=100),Seasonally adjusted,2017=100,2026-04,Board of Governors of the Federal Reserve System G.17
fed_g17,capacity_index,CAP.G322.S,322,322120,broader_published,2025-04-01,102.6904,Industrial capacity index (2017=100),Seasonally adjusted,2017=100,2026-04,Board of Governors of the Federal Reserve System G.17
fed_g17,capacity_index,CAP.G322.S,322,322120,broader_published,2025-05-01,102.6264,Industrial capacity index (2017=100),Seasonally adjusted,2017=100,2026-04,Board of Governors of the Federal Reserve System G.17
fed_g17,capacity_index,CAP.G322.S,322,322120,broader_published,2025-06-01,102.5652,Industrial capacity index (2017=100),Seasonally adjusted,2017=100,2026-04,Board of Governors of the Federal Reserve System G.17
fed_g17,capacity_index,CAP.G322.S,322,322120,broader_published,2025-07-01,102.5065,Industrial capacity index (2017=100),Seasonally adjusted,2017=100,2026-04,Board of Governors of the Federal Reserve System G.17
fed_g17,capacity_index,CAP.G322.S,322,322120,broader_published,2025-08-01,102.4491,Industrial capacity index (2017=100),Seasonally adjusted,2017=100,2026-04,Board of Governors of the Federal Reserve System G.17
fed_g17,capacity_index,CAP.G322.S,322,322120,broader_published,2025-09-01,102.3923,Industrial capacity index (2017=100),Seasonally adjusted,2017=100,2026-04,Board of Governors of the Federal Reserve System G.17
fed_g17,capacity_index,CAP.G322.S,322,322120,broader_published,2025-10-01,102.3353,Industrial capacity index (2017=100),Seasonally adjusted,2017=100,2026-04,Board of Governors of the Federal Reserve System G.17
fed_g17,capacity_index,CAP.G322.S,322,322120,broader_published,2025-11-01,102.2778,Industrial capacity index (2017=100),Seasonally adjusted,2017=100,2026-04,Board of Governors of the Federal Reserve System G.17
fed_g17,capacity_index,CAP.G322.S,322,322120,broader_published,2025-12-01,102.2196,Industrial capacity index (2017=100),Seasonally adjusted,2017=100,2026-04,Board of Governors of the Federal Reserve System G.17
fed_g17,capacity_index,CAP.G322.S,322,322120,broader_published,2026-01-01,102.1094,Industrial capacity index (2017=100),Seasonally adjusted,2017=100,2026-04,Board of Governors of the Federal Reserve System G.17
fed_g17,capacity_index,CAP.G322.S,322,322120,broader_published,2026-02-01,102.0223,Industrial capacity index (2017=100),Seasonally adjusted,2017=100,2026-04,Board of Governors of the Federal Reserve System G.17
fed_g17,capacity_index,CAP.G322.S,322,322120,broader_published,2026-03-01,101.9268,Industrial capacity index (2017=100),Seasonally adjusted,2017=100,2026-04,Board of Governors of the Federal Reserve System G.17
fed_g17,capacity_index,CAP.G322.S,322,322120,broader_published,2026-04-01,101.8237,Industrial capacity index (2017=100),Seasonally adjusted,2017=100,2026-04,Board of Governors of the Federal Reserve System G.17
fed_g17,capacity_index,CAP.G325.S,325,325211,broader_published,2024-01-01,132.4228,Industrial capacity index (2017=100),Seasonally adjusted,2017=100,2026-04,Board of Governors of the Federal Reserve System G.17
fed_g17,capacity_index,CAP.G325.S,325,325211,broader_published,2024-02-01,132.6411,Industrial capacity index (2017=100),Seasonally adjusted,2017=100,2026-04,Board of Governors of the Federal Reserve System G.17
fed_g17,capacity_index,CAP.G325.S,325,325211,broader_published,2024-03-01,132.8721,Industrial capacity index (2017=100),Seasonally adjusted,2017=100,2026-04,Board of Governors of the Federal Reserve System G.17
fed_g17,capacity_index,CAP.G325.S,325,325211,broader_published,2024-04-01,133.1143,Industrial capacity index (2017=100),Seasonally adjusted,2017=100,2026-04,Board of Governors of the Federal Reserve System G.17
fed_g17,capacity_index,CAP.G325.S,325,325211,broader_published,2024-05-01,133.3673,Industrial capacity index (2017=100),Seasonally adjusted,2017=100,2026-04,Board of Governors of the Federal Reserve System G.17
fed_g17,capacity_index,CAP.G325.S,325,325211,broader_published,2024-06-01,133.6305,Industrial capacity index (2017=100),Seasonally adjusted,2017=100,2026-04,Board of Governors of the Federal Reserve System G.17
fed_g17,capacity_index,CAP.G325.S,325,325211,broader_published,2024-07-01,133.9007,Industrial capacity index (2017=100),Seasonally adjusted,2017=100,2026-04,Board of Governors of the Federal Reserve System G.17
fed_g17,capacity_index,CAP.G325.S,325,325211,broader_published,2024-08-01,134.1771,Industrial capacity index (2017=100),Seasonally adjusted,2017=100,2026-04,Board of Governors of the Federal Reserve System G.17
fed_g17,capacity_index,CAP.G325.S,325,325211,broader_published,2024-09-01,134.458,Industrial capacity index (2017=100),Seasonally adjusted,2017=100,2026-04,Board of Governors of the Federal Reserve System G.17
fed_g17,capacity_index,CAP.G325.S,325,325211,broader_published,2024-10-01,134.7431,Industrial capacity index (2017=100),Seasonally adjusted,2017=100,2026-04,Board of Governors of the Federal Reserve System G.17
fed_g17,capacity_index,CAP.G325.S,325,325211,broader_published,2024-11-01,135.0318,Industrial capacity index (2017=100),Seasonally adjusted,2017=100,2026-04,Board of Governors of the Federal Reserve System G.17
fed_g17,capacity_index,CAP.G325.S,325,325211,broader_published,2024-12-01,135.3219,Industrial capacity index (2017=100),Seasonally adjusted,2017=100,2026-04,Board of Governors of the Federal Reserve System G.17
fed_g17,capacity_index,CAP.G325.S,325,325211,broader_published,2025-01-01,135.6131,Industrial capacity index (2017=100),Seasonally adjusted,2017=100,2026-04,Board of Governors of the Federal Reserve System G.17
fed_g17,capacity_index,CAP.G325.S,325,325211,broader_published,2025-02-01,135.905,Industrial capacity index (2017=100),Seasonally adjusted,2017=100,2026-04,Board of Governors of the Federal Reserve System G.17
fed_g17,capacity_index,CAP.G325.S,325,325211,broader_published,2025-03-01,136.1974,Industrial capacity index (2017=100),Seasonally adjusted,2017=100,2026-04,Board of Governors of the Federal Reserve System G.17
fed_g17,capacity_index,CAP.G325.S,325,325211,broader_published,2025-04-01,136.4889,Industrial capacity index (2017=100),Seasonally adjusted,2017=100,2026-04,Board of Governors of the Federal Reserve System G.17
fed_g17,capacity_index,CAP.G325.S,325,325211,broader_published,2025-05-01,136.7812,Industrial capacity index (2017=100),Seasonally adjusted,2017=100,2026-04,Board of Governors of the Federal Reserve System G.17
fed_g17,capacity_index,CAP.G325.S,325,325211,broader_published,2025-06-01,137.0747,Industrial capacity index (2017=100),Seasonally adjusted,2017=100,2026-04,Board of Governors of the Federal Reserve System G.17
fed_g17,capacity_index,CAP.G325.S,325,325211,broader_published,2025-07-01,137.3665,Industrial capacity index (2017=100),Seasonally adjusted,2017=100,2026-04,Board of Governors of the Federal Reserve System G.17
fed_g17,capacity_index,CAP.G325.S,325,325211,broader_published,2025-08-01,137.6583,Industrial capacity index (2017=100),Seasonally adjusted,2017=100,2026-04,Board of Governors of the Federal Reserve System G.17
fed_g17,capacity_index,CAP.G325.S,325,325211,broader_published,2025-09-01,137.9508,Industrial capacity index (2017=100),Seasonally adjusted,2017=100,2026-04,Board of Governors of the Federal Reserve System G.17
fed_g17,capacity_index,CAP.G325.S,325,325211,broader_published,2025-10-01,138.245,Industrial capacity index (2017=100),Seasonally adjusted,2017=100,2026-04,Board of Governors of the Federal Reserve System G.17
fed_g17,capacity_index,CAP.G325.S,325,325211,broader_published,2025-11-01,138.5408,Industrial capacity index (2017=100),Seasonally adjusted,2017=100,2026-04,Board of Governors of the Federal Reserve System G.17
fed_g17,capacity_index,CAP.G325.S,325,325211,broader_published,2025-12-01,138.8371,Industrial capacity index (2017=100),Seasonally adjusted,2017=100,2026-04,Board of Governors of the Federal Reserve System G.17
fed_g17,capacity_index,CAP.G325.S,325,325211,broader_published,2026-01-01,139.1878,Industrial capacity index (2017=100),Seasonally adjusted,2017=100,2026-04,Board of Governors of the Federal Reserve System G.17
fed_g17,capacity_index,CAP.G325.S,325,325211,broader_published,2026-02-01,139.519,Industrial capacity index (2017=100),Seasonally adjusted,2017=100,2026-04,Board of Governors of the Federal Reserve System G.17
fed_g17,capacity_index,CAP.G325.S,325,325211,broader_published,2026-03-01,139.8577,Industrial capacity index (2017=100),Seasonally adjusted,2017=100,2026-04,Board of Governors of the Federal Reserve System G.17
fed_g17,capacity_index,CAP.G325.S,325,325211,broader_published,2026-04-01,140.2019,Industrial capacity index (2017=100),Seasonally adjusted,2017=100,2026-04,Board of Governors of the Federal Reserve System G.17
fed_g17,capacity_index,CAP.G326.S,326,326111,broader_published,2024-01-01,128.1815,Industrial capacity index (2017=100),Seasonally adjusted,2017=100,2026-04,Board of Governors of the Federal Reserve System G.17
fed_g17,capacity_index,CAP.G326.S,326,326111,broader_published,2024-02-01,128.2838,Industrial capacity index (2017=100),Seasonally adjusted,2017=100,2026-04,Board of Governors of the Federal Reserve System G.17
fed_g17,capacity_index,CAP.G326.S,326,326111,broader_published,2024-03-01,128.3621,Industrial capacity index (2017=100),Seasonally adjusted,2017=100,2026-04,Board of Governors of the Federal Reserve System G.17
fed_g17,capacity_index,CAP.G326.S,326,326111,broader_published,2024-04-01,128.4162,Industrial capacity index (2017=100),Seasonally adjusted,2017=100,2026-04,Board of Governors of the Federal Reserve System G.17
fed_g17,capacity_index,CAP.G326.S,326,326111,broader_published,2024-05-01,128.448,Industrial capacity index (2017=100),Seasonally adjusted,2017=100,2026-04,Board of Governors of the Federal Reserve System G.17
fed_g17,capacity_index,CAP.G326.S,326,326111,broader_published,2024-06-01,128.4585,Industrial capacity index (2017=100),Seasonally adjusted,2017=100,2026-04,Board of Governors of the Federal Reserve System G.17
fed_g17,capacity_index,CAP.G326.S,326,326111,broader_published,2024-07-01,128.4494,Industrial capacity index (2017=100),Seasonally adjusted,2017=100,2026-04,Board of Governors of the Federal Reserve System G.17
fed_g17,capacity_index,CAP.G326.S,326,326111,broader_published,2024-08-01,128.4236,Industrial capacity index (2017=100),Seasonally adjusted,2017=100,2026-04,Board of Governors of the Federal Reserve System G.17
fed_g17,capacity_index,CAP.G326.S,326,326111,broader_published,2024-09-01,128.3836,Industrial capacity index (2017=100),Seasonally adjusted,2017=100,2026-04,Board of Governors of the Federal Reserve System G.17
fed_g17,capacity_index,CAP.G326.S,326,326111,broader_published,2024-10-01,128.3318,Industrial capacity index (2017=100),Seasonally adjusted,2017=100,2026-04,Board of Governors of the Federal Reserve System G.17
fed_g17,capacity_index,CAP.G326.S,326,326111,broader_published,2024-11-01,128.27,Industrial capacity index (2017=100),Seasonally adjusted,2017=100,2026-04,Board of Governors of the Federal Reserve System G.17
fed_g17,capacity_index,CAP.G326.S,326,326111,broader_published,2024-12-01,128.2005,Industrial capacity index (2017=100),Seasonally adjusted,2017=100,2026-04,Board of Governors of the Federal Reserve System G.17
fed_g17,capacity_index,CAP.G326.S,326,326111,broader_published,2025-01-01,128.1251,Industrial capacity index (2017=100),Seasonally adjusted,2017=100,2026-04,Board of Governors of the Federal Reserve System G.17
fed_g17,capacity_index,CAP.G326.S,326,326111,broader_published,2025-02-01,128.045,Industrial capacity index (2017=100),Seasonally adjusted,2017=100,2026-04,Board of Governors of the Federal Reserve System G.17
fed_g17,capacity_index,CAP.G326.S,326,326111,broader_published,2025-03-01,127.9615,Industrial capacity index (2017=100),Seasonally adjusted,2017=100,2026-04,Board of Governors of the Federal Reserve System G.17
fed_g17,capacity_index,CAP.G326.S,326,326111,broader_published,2025-04-01,127.8759,Industrial capacity index (2017=100),Seasonally adjusted,2017=100,2026-04,Board of Governors of the Federal Reserve System G.17
fed_g17,capacity_index,CAP.G326.S,326,326111,broader_published,2025-05-01,127.7886,Industrial capacity index (2017=100),Seasonally adjusted,2017=100,2026-04,Board of Governors of the Federal Reserve System G.17
fed_g17,capacity_index,CAP.G326.S,326,326111,broader_published,2025-06-01,127.7,Industrial capacity index (2017=100),Seasonally adjusted,2017=100,2026-04,Board of Governors of the Federal Reserve System G.17
fed_g17,capacity_index,CAP.G326.S,326,326111,broader_published,2025-07-01,127.6116,Industrial capacity index (2017=100),Seasonally adjusted,2017=100,2026-04,Board of Governors of the Federal Reserve System G.17
fed_g17,capacity_index,CAP.G326.S,326,326111,broader_published,2025-08-01,127.5234,Industrial capacity index (2017=100),Seasonally adjusted,2017=100,2026-04,Board of Governors of the Federal Reserve System G.17
fed_g17,capacity_index,CAP.G326.S,326,326111,broader_published,2025-09-01,127.4355,Industrial capacity index (2017=100),Seasonally adjusted,2017=100,2026-04,Board of Governors of the Federal Reserve System G.17
fed_g17,capacity_index,CAP.G326.S,326,326111,broader_published,2025-10-01,127.3479,Industrial capacity index (2017=100),Seasonally adjusted,2017=100,2026-04,Board of Governors of the Federal Reserve System G.17
fed_g17,capacity_index,CAP.G326.S,326,326111,broader_published,2025-11-01,127.2609,Industrial capacity index (2017=100),Seasonally adjusted,2017=100,2026-04,Board of Governors of the Federal Reserve System G.17
fed_g17,capacity_index,CAP.G326.S,326,326111,broader_published,2025-12-01,127.1751,Industrial capacity index (2017=100),Seasonally adjusted,2017=100,2026-04,Board of Governors of the Federal Reserve System G.17
fed_g17,capacity_index,CAP.G326.S,326,326111,broader_published,2026-01-01,127.0567,Industrial capacity index (2017=100),Seasonally adjusted,2017=100,2026-04,Board of Governors of the Federal Reserve System G.17
fed_g17,capacity_index,CAP.G326.S,326,326111,broader_published,2026-02-01,126.9503,Industrial capacity index (2017=100),Seasonally adjusted,2017=100,2026-04,Board of Governors of the Federal Reserve System G.17
fed_g17,capacity_index,CAP.G326.S,326,326111,broader_published,2026-03-01,126.8416,Industrial capacity index (2017=100),Seasonally adjusted,2017=100,2026-04,Board of Governors of the Federal Reserve System G.17
fed_g17,capacity_index,CAP.G326.S,326,326111,broader_published,2026-04-01,126.7315,Industrial capacity index (2017=100),Seasonally adjusted,2017=100,2026-04,Board of Governors of the Federal Reserve System G.17
fed_g17,capacity_index,CAP.G331.S,331,331110,broader_published,2024-01-01,142.0886,Industrial capacity index (2017=100),Seasonally adjusted,2017=100,2026-04,Board of Governors of the Federal Reserve System G.17
fed_g17,capacity_index,CAP.G331.S,331,331110,broader_published,2024-02-01,142.457,Industrial capacity index (2017=100),Seasonally adjusted,2017=100,2026-04,Board of Governors of the Federal Reserve System G.17
fed_g17,capacity_index,CAP.G331.S,331,331110,broader_published,2024-03-01,142.884,Industrial capacity index (2017=100),Seasonally adjusted,2017=100,2026-04,Board of Governors of the Federal Reserve System G.17
fed_g17,capacity_index,CAP.G331.S,331,331110,broader_published,2024-04-01,143.3591,Industrial capacity index (2017=100),Seasonally adjusted,2017=100,2026-04,Board of Governors of the Federal Reserve System G.17
fed_g17,capacity_index,CAP.G331.S,331,331110,broader_published,2024-05-01,143.8631,Industrial capacity index (2017=100),Seasonally adjusted,2017=100,2026-04,Board of Governors of the Federal Reserve System G.17
fed_g17,capacity_index,CAP.G331.S,331,331110,broader_published,2024-06-01,144.3802,Industrial capacity index (2017=100),Seasonally adjusted,2017=100,2026-04,Board of Governors of the Federal Reserve System G.17
fed_g17,capacity_index,CAP.G331.S,331,331110,broader_published,2024-07-01,144.8903,Industrial capacity index (2017=100),Seasonally adjusted,2017=100,2026-04,Board of Governors of the Federal Reserve System G.17
fed_g17,capacity_index,CAP.G331.S,331,331110,broader_published,2024-08-01,145.3779,Industrial capacity index (2017=100),Seasonally adjusted,2017=100,2026-04,Board of Governors of the Federal Reserve System G.17
fed_g17,capacity_index,CAP.G331.S,331,331110,broader_published,2024-09-01,145.8314,Industrial capacity index (2017=100),Seasonally adjusted,2017=100,2026-04,Board of Governors of the Federal Reserve System G.17
fed_g17,capacity_index,CAP.G331.S,331,331110,broader_published,2024-10-01,146.244,Industrial capacity index (2017=100),Seasonally adjusted,2017=100,2026-04,Board of Governors of the Federal Reserve System G.17
fed_g17,capacity_index,CAP.G331.S,331,331110,broader_published,2024-11-01,146.61,Industrial capacity index (2017=100),Seasonally adjusted,2017=100,2026-04,Board of Governors of the Federal Reserve System G.17
fed_g17,capacity_index,CAP.G331.S,331,331110,broader_published,2024-12-01,146.9254,Industrial capacity index (2017=100),Seasonally adjusted,2017=100,2026-04,Board of Governors of the Federal Reserve System G.17
fed_g17,capacity_index,CAP.G331.S,331,331110,broader_published,2025-01-01,147.189,Industrial capacity index (2017=100),Seasonally adjusted,2017=100,2026-04,Board of Governors of the Federal Reserve System G.17
fed_g17,capacity_index,CAP.G331.S,331,331110,broader_published,2025-02-01,147.4019,Industrial capacity index (2017=100),Seasonally adjusted,2017=100,2026-04,Board of Governors of the Federal Reserve System G.17
fed_g17,capacity_index,CAP.G331.S,331,331110,broader_published,2025-03-01,147.5668,Industrial capacity index (2017=100),Seasonally adjusted,2017=100,2026-04,Board of Governors of the Federal Reserve System G.17
fed_g17,capacity_index,CAP.G331.S,331,331110,broader_published,2025-04-01,147.6873,Industrial capacity index (2017=100),Seasonally adjusted,2017=100,2026-04,Board of Governors of the Federal Reserve System G.17
fed_g17,capacity_index,CAP.G331.S,331,331110,broader_published,2025-05-01,147.7746,Industrial capacity index (2017=100),Seasonally adjusted,2017=100,2026-04,Board of Governors of the Federal Reserve System G.17
fed_g17,capacity_index,CAP.G331.S,331,331110,broader_published,2025-06-01,147.8378,Industrial capacity index (2017=100),Seasonally adjusted,2017=100,2026-04,Board of Governors of the Federal Reserve System G.17
fed_g17,capacity_index,CAP.G331.S,331,331110,broader_published,2025-07-01,147.8854,Industrial capacity index (2017=100),Seasonally adjusted,2017=100,2026-04,Board of Governors of the Federal Reserve System G.17
fed_g17,capacity_index,CAP.G331.S,331,331110,broader_published,2025-08-01,147.9288,Industrial capacity index (2017=100),Seasonally adjusted,2017=100,2026-04,Board of Governors of the Federal Reserve System G.17
fed_g17,capacity_index,CAP.G331.S,331,331110,broader_published,2025-09-01,147.9746,Industrial capacity index (2017=100),Seasonally adjusted,2017=100,2026-04,Board of Governors of the Federal Reserve System G.17
fed_g17,capacity_index,CAP.G331.S,331,331110,broader_published,2025-10-01,148.0285,Industrial capacity index (2017=100),Seasonally adjusted,2017=100,2026-04,Board of Governors of the Federal Reserve System G.17
fed_g17,capacity_index,CAP.G331.S,331,331110,broader_published,2025-11-01,148.095,Industrial capacity index (2017=100),Seasonally adjusted,2017=100,2026-04,Board of Governors of the Federal Reserve System G.17
fed_g17,capacity_index,CAP.G331.S,331,331110,broader_published,2025-12-01,148.1764,Industrial capacity index (2017=100),Seasonally adjusted,2017=100,2026-04,Board of Governors of the Federal Reserve System G.17
fed_g17,capacity_index,CAP.G331.S,331,331110,broader_published,2026-01-01,148.3304,Industrial capacity index (2017=100),Seasonally adjusted,2017=100,2026-04,Board of Governors of the Federal Reserve System G.17
fed_g17,capacity_index,CAP.G331.S,331,331110,broader_published,2026-02-01,148.4327,Industrial capacity index (2017=100),Seasonally adjusted,2017=100,2026-04,Board of Governors of the Federal Reserve System G.17
fed_g17,capacity_index,CAP.G331.S,331,331110,broader_published,2026-03-01,148.5739,Industrial capacity index (2017=100),Seasonally adjusted,2017=100,2026-04,Board of Governors of the Federal Reserve System G.17
fed_g17,capacity_index,CAP.G331.S,331,331110,broader_published,2026-04-01,148.7543,Industrial capacity index (2017=100),Seasonally adjusted,2017=100,2026-04,Board of Governors of the Federal Reserve System G.17
fed_g17,capacity_index,CAP.G334.S,334,334111,broader_published,2024-01-01,158.9827,Industrial capacity index (2017=100),Seasonally adjusted,2017=100,2026-04,Board of Governors of the Federal Reserve System G.17
fed_g17,capacity_index,CAP.G334.S,334,334111,broader_published,2024-02-01,159.3979,Industrial capacity index (2017=100),Seasonally adjusted,2017=100,2026-04,Board of Governors of the Federal Reserve System G.17
fed_g17,capacity_index,CAP.G334.S,334,334111,broader_published,2024-03-01,159.7878,Industrial capacity index (2017=100),Seasonally adjusted,2017=100,2026-04,Board of Governors of the Federal Reserve System G.17
fed_g17,capacity_index,CAP.G334.S,334,334111,broader_published,2024-04-01,160.1583,Industrial capacity index (2017=100),Seasonally adjusted,2017=100,2026-04,Board of Governors of the Federal Reserve System G.17
fed_g17,capacity_index,CAP.G334.S,334,334111,broader_published,2024-05-01,160.5268,Industrial capacity index (2017=100),Seasonally adjusted,2017=100,2026-04,Board of Governors of the Federal Reserve System G.17
fed_g17,capacity_index,CAP.G334.S,334,334111,broader_published,2024-06-01,160.9076,Industrial capacity index (2017=100),Seasonally adjusted,2017=100,2026-04,Board of Governors of the Federal Reserve System G.17
fed_g17,capacity_index,CAP.G334.S,334,334111,broader_published,2024-07-01,161.3108,Industrial capacity index (2017=100),Seasonally adjusted,2017=100,2026-04,Board of Governors of the Federal Reserve System G.17
fed_g17,capacity_index,CAP.G334.S,334,334111,broader_published,2024-08-01,161.7519,Industrial capacity index (2017=100),Seasonally adjusted,2017=100,2026-04,Board of Governors of the Federal Reserve System G.17
fed_g17,capacity_index,CAP.G334.S,334,334111,broader_published,2024-09-01,162.2399,Industrial capacity index (2017=100),Seasonally adjusted,2017=100,2026-04,Board of Governors of the Federal Reserve System G.17
fed_g17,capacity_index,CAP.G334.S,334,334111,broader_published,2024-10-01,162.7829,Industrial capacity index (2017=100),Seasonally adjusted,2017=100,2026-04,Board of Governors of the Federal Reserve System G.17
fed_g17,capacity_index,CAP.G334.S,334,334111,broader_published,2024-11-01,163.3863,Industrial capacity index (2017=100),Seasonally adjusted,2017=100,2026-04,Board of Governors of the Federal Reserve System G.17
fed_g17,capacity_index,CAP.G334.S,334,334111,broader_published,2024-12-01,164.0478,Industrial capacity index (2017=100),Seasonally adjusted,2017=100,2026-04,Board of Governors of the Federal Reserve System G.17
fed_g17,capacity_index,CAP.G334.S,334,334111,broader_published,2025-01-01,164.7691,Industrial capacity index (2017=100),Seasonally adjusted,2017=100,2026-04,Board of Governors of the Federal Reserve System G.17
fed_g17,capacity_index,CAP.G334.S,334,334111,broader_published,2025-02-01,165.5521,Industrial capacity index (2017=100),Seasonally adjusted,2017=100,2026-04,Board of Governors of the Federal Reserve System G.17
fed_g17,capacity_index,CAP.G334.S,334,334111,broader_published,2025-03-01,166.3945,Industrial capacity index (2017=100),Seasonally adjusted,2017=100,2026-04,Board of Governors of the Federal Reserve System G.17
fed_g17,capacity_index,CAP.G334.S,334,334111,broader_published,2025-04-01,167.2891,Industrial capacity index (2017=100),Seasonally adjusted,2017=100,2026-04,Board of Governors of the Federal Reserve System G.17
fed_g17,capacity_index,CAP.G334.S,334,334111,broader_published,2025-05-01,168.232,Industrial capacity index (2017=100),Seasonally adjusted,2017=100,2026-04,Board of Governors of the Federal Reserve System G.17
fed_g17,capacity_index,CAP.G334.S,334,334111,broader_published,2025-06-01,169.2171,Industrial capacity index (2017=100),Seasonally adjusted,2017=100,2026-04,Board of Governors of the Federal Reserve System G.17
fed_g17,capacity_index,CAP.G334.S,334,334111,broader_published,2025-07-01,170.2264,Industrial capacity index (2017=100),Seasonally adjusted,2017=100,2026-04,Board of Governors of the Federal Reserve System G.17
fed_g17,capacity_index,CAP.G334.S,334,334111,broader_published,2025-08-01,171.2534,Industrial capacity index (2017=100),Seasonally adjusted,2017=100,2026-04,Board of Governors of the Federal Reserve System G.17
fed_g17,capacity_index,CAP.G334.S,334,334111,broader_published,2025-09-01,172.2926,Industrial capacity index (2017=100),Seasonally adjusted,2017=100,2026-04,Board of Governors of the Federal Reserve System G.17
fed_g17,capacity_index,CAP.G334.S,334,334111,broader_published,2025-10-01,173.3409,Industrial capacity index (2017=100),Seasonally adjusted,2017=100,2026-04,Board of Governors of the Federal Reserve System G.17
fed_g17,capacity_index,CAP.G334.S,334,334111,broader_published,2025-11-01,174.393,Industrial capacity index (2017=100),Seasonally adjusted,2017=100,2026-04,Board of Governors of the Federal Reserve System G.17
fed_g17,capacity_index,CAP.G334.S,334,334111,broader_published,2025-12-01,175.4394,Industrial capacity index (2017=100),Seasonally adjusted,2017=100,2026-04,Board of Governors of the Federal Reserve System G.17
fed_g17,capacity_index,CAP.G334.S,334,334111,broader_published,2026-01-01,176.3726,Industrial capacity index (2017=100),Seasonally adjusted,2017=100,2026-04,Board of Governors of the Federal Reserve System G.17
fed_g17,capacity_index,CAP.G334.S,334,334111,broader_published,2026-02-01,177.3905,Industrial capacity index (2017=100),Seasonally adjusted,2017=100,2026-04,Board of Governors of the Federal Reserve System G.17
fed_g17,capacity_index,CAP.G334.S,334,334111,broader_published,2026-03-01,178.3592,Industrial capacity index (2017=100),Seasonally adjusted,2017=100,2026-04,Board of Governors of the Federal Reserve System G.17
fed_g17,capacity_index,CAP.G334.S,334,334111,broader_published,2026-04-01,179.2744,Industrial capacity index (2017=100),Seasonally adjusted,2017=100,2026-04,Board of Governors of the Federal Reserve System G.17
fed_g17,capacity_index,CAP.G3361T3.S,3361-3363,336110,broader_published,2024-01-01,151.6938,Industrial capacity index (2017=100),Seasonally adjusted,2017=100,2026-04,Board of Governors of the Federal Reserve System G.17
fed_g17,capacity_index,CAP.G3361T3.S,3361-3363,336110,broader_published,2024-02-01,152.2424,Industrial capacity index (2017=100),Seasonally adjusted,2017=100,2026-04,Board of Governors of the Federal Reserve System G.17
fed_g17,capacity_index,CAP.G3361T3.S,3361-3363,336110,broader_published,2024-03-01,152.8573,Industrial capacity index (2017=100),Seasonally adjusted,2017=100,2026-04,Board of Governors of the Federal Reserve System G.17
fed_g17,capacity_index,CAP.G3361T3.S,3361-3363,336110,broader_published,2024-04-01,153.5239,Industrial capacity index (2017=100),Seasonally adjusted,2017=100,2026-04,Board of Governors of the Federal Reserve System G.17
fed_g17,capacity_index,CAP.G3361T3.S,3361-3363,336110,broader_published,2024-05-01,154.2266,Industrial capacity index (2017=100),Seasonally adjusted,2017=100,2026-04,Board of Governors of the Federal Reserve System G.17
fed_g17,capacity_index,CAP.G3361T3.S,3361-3363,336110,broader_published,2024-06-01,154.9489,Industrial capacity index (2017=100),Seasonally adjusted,2017=100,2026-04,Board of Governors of the Federal Reserve System G.17
fed_g17,capacity_index,CAP.G3361T3.S,3361-3363,336110,broader_published,2024-07-01,155.6664,Industrial capacity index (2017=100),Seasonally adjusted,2017=100,2026-04,Board of Governors of the Federal Reserve System G.17
fed_g17,capacity_index,CAP.G3361T3.S,3361-3363,336110,broader_published,2024-08-01,156.3548,Industrial capacity index (2017=100),Seasonally adjusted,2017=100,2026-04,Board of Governors of the Federal Reserve System G.17
fed_g17,capacity_index,CAP.G3361T3.S,3361-3363,336110,broader_published,2024-09-01,156.9954,Industrial capacity index (2017=100),Seasonally adjusted,2017=100,2026-04,Board of Governors of the Federal Reserve System G.17
fed_g17,capacity_index,CAP.G3361T3.S,3361-3363,336110,broader_published,2024-10-01,157.571,Industrial capacity index (2017=100),Seasonally adjusted,2017=100,2026-04,Board of Governors of the Federal Reserve System G.17
fed_g17,capacity_index,CAP.G3361T3.S,3361-3363,336110,broader_published,2024-11-01,158.0676,Industrial capacity index (2017=100),Seasonally adjusted,2017=100,2026-04,Board of Governors of the Federal Reserve System G.17
fed_g17,capacity_index,CAP.G3361T3.S,3361-3363,336110,broader_published,2024-12-01,158.4766,Industrial capacity index (2017=100),Seasonally adjusted,2017=100,2026-04,Board of Governors of the Federal Reserve System G.17
fed_g17,capacity_index,CAP.G3361T3.S,3361-3363,336110,broader_published,2025-01-01,158.7929,Industrial capacity index (2017=100),Seasonally adjusted,2017=100,2026-04,Board of Governors of the Federal Reserve System G.17
fed_g17,capacity_index,CAP.G3361T3.S,3361-3363,336110,broader_published,2025-02-01,159.0122,Industrial capacity index (2017=100),Seasonally adjusted,2017=100,2026-04,Board of Governors of the Federal Reserve System G.17
fed_g17,capacity_index,CAP.G3361T3.S,3361-3363,336110,broader_published,2025-03-01,159.1374,Industrial capacity index (2017=100),Seasonally adjusted,2017=100,2026-04,Board of Governors of the Federal Reserve System G.17
fed_g17,capacity_index,CAP.G3361T3.S,3361-3363,336110,broader_published,2025-04-01,159.1746,Industrial capacity index (2017=100),Seasonally adjusted,2017=100,2026-04,Board of Governors of the Federal Reserve System G.17
fed_g17,capacity_index,CAP.G3361T3.S,3361-3363,336110,broader_published,2025-05-01,159.1394,Industrial capacity index (2017=100),Seasonally adjusted,2017=100,2026-04,Board of Governors of the Federal Reserve System G.17
fed_g17,capacity_index,CAP.G3361T3.S,3361-3363,336110,broader_published,2025-06-01,159.0447,Industrial capacity index (2017=100),Seasonally adjusted,2017=100,2026-04,Board of Governors of the Federal Reserve System G.17
fed_g17,capacity_index,CAP.G3361T3.S,3361-3363,336110,broader_published,2025-07-01,158.9058,Industrial capacity index (2017=100),Seasonally adjusted,2017=100,2026-04,Board of Governors of the Federal Reserve System G.17
fed_g17,capacity_index,CAP.G3361T3.S,3361-3363,336110,broader_published,2025-08-01,158.7428,Industrial capacity index (2017=100),Seasonally adjusted,2017=100,2026-04,Board of Governors of the Federal Reserve System G.17
fed_g17,capacity_index,CAP.G3361T3.S,3361-3363,336110,broader_published,2025-09-01,158.5705,Industrial capacity index (2017=100),Seasonally adjusted,2017=100,2026-04,Board of Governors of the Federal Reserve System G.17
fed_g17,capacity_index,CAP.G3361T3.S,3361-3363,336110,broader_published,2025-10-01,158.4021,Industrial capacity index (2017=100),Seasonally adjusted,2017=100,2026-04,Board of Governors of the Federal Reserve System G.17
fed_g17,capacity_index,CAP.G3361T3.S,3361-3363,336110,broader_published,2025-11-01,158.249,Industrial capacity index (2017=100),Seasonally adjusted,2017=100,2026-04,Board of Governors of the Federal Reserve System G.17
fed_g17,capacity_index,CAP.G3361T3.S,3361-3363,336110,broader_published,2025-12-01,158.1188,Industrial capacity index (2017=100),Seasonally adjusted,2017=100,2026-04,Board of Governors of the Federal Reserve System G.17
fed_g17,capacity_index,CAP.G3361T3.S,3361-3363,336110,broader_published,2026-01-01,158.1357,Industrial capacity index (2017=100),Seasonally adjusted,2017=100,2026-04,Board of Governors of the Federal Reserve System G.17
fed_g17,capacity_index,CAP.G3361T3.S,3361-3363,336110,broader_published,2026-02-01,158.0498,Industrial capacity index (2017=100),Seasonally adjusted,2017=100,2026-04,Board of Governors of the Federal Reserve System G.17
fed_g17,capacity_index,CAP.G3361T3.S,3361-3363,336110,broader_published,2026-03-01,158.0442,Industrial capacity index (2017=100),Seasonally adjusted,2017=100,2026-04,Board of Governors of the Federal Reserve System G.17
fed_g17,capacity_index,CAP.G3361T3.S,3361-3363,336110,broader_published,2026-04-01,158.1176,Industrial capacity index (2017=100),Seasonally adjusted,2017=100,2026-04,Board of Governors of the Federal Reserve System G.17
fed_g17,capacity_utilization_rate,CAPUTL.G311A2.S,"311,312",311111,broader_published,2024-01-01,79.8368,Percent of industrial capacity,Seasonally adjusted,,2026-04,Board of Governors of the Federal Reserve System G.17
fed_g17,capacity_utilization_rate,CAPUTL.G311A2.S,"311,312",311111,broader_published,2024-02-01,80.3243,Percent of industrial capacity,Seasonally adjusted,,2026-04,Board of Governors of the Federal Reserve System G.17
fed_g17,capacity_utilization_rate,CAPUTL.G311A2.S,"311,312",311111,broader_published,2024-03-01,80.3649,Percent of industrial capacity,Seasonally adjusted,,2026-04,Board of Governors of the Federal Reserve System G.17
fed_g17,capacity_utilization_rate,CAPUTL.G311A2.S,"311,312",311111,broader_published,2024-04-01,79.714,Percent of industrial capacity,Seasonally adjusted,,2026-04,Board of Governors of the Federal Reserve System G.17
fed_g17,capacity_utilization_rate,CAPUTL.G311A2.S,"311,312",311111,broader_published,2024-05-01,80.4855,Percent of industrial capacity,Seasonally adjusted,,2026-04,Board of Governors of the Federal Reserve System G.17
fed_g17,capacity_utilization_rate,CAPUTL.G311A2.S,"311,312",311111,broader_published,2024-06-01,80.3406,Percent of industrial capacity,Seasonally adjusted,,2026-04,Board of Governors of the Federal Reserve System G.17
fed_g17,capacity_utilization_rate,CAPUTL.G311A2.S,"311,312",311111,broader_published,2024-07-01,80.2131,Percent of industrial capacity,Seasonally adjusted,,2026-04,Board of Governors of the Federal Reserve System G.17
fed_g17,capacity_utilization_rate,CAPUTL.G311A2.S,"311,312",311111,broader_published,2024-08-01,79.846,Percent of industrial capacity,Seasonally adjusted,,2026-04,Board of Governors of the Federal Reserve System G.17
fed_g17,capacity_utilization_rate,CAPUTL.G311A2.S,"311,312",311111,broader_published,2024-09-01,80.3248,Percent of industrial capacity,Seasonally adjusted,,2026-04,Board of Governors of the Federal Reserve System G.17
fed_g17,capacity_utilization_rate,CAPUTL.G311A2.S,"311,312",311111,broader_published,2024-10-01,79.67,Percent of industrial capacity,Seasonally adjusted,,2026-04,Board of Governors of the Federal Reserve System G.17
fed_g17,capacity_utilization_rate,CAPUTL.G311A2.S,"311,312",311111,broader_published,2024-11-01,79.3873,Percent of industrial capacity,Seasonally adjusted,,2026-04,Board of Governors of the Federal Reserve System G.17
fed_g17,capacity_utilization_rate,CAPUTL.G311A2.S,"311,312",311111,broader_published,2024-12-01,79.8993,Percent of industrial capacity,Seasonally adjusted,,2026-04,Board of Governors of the Federal Reserve System G.17
fed_g17,capacity_utilization_rate,CAPUTL.G311A2.S,"311,312",311111,broader_published,2025-01-01,78.8588,Percent of industrial capacity,Seasonally adjusted,,2026-04,Board of Governors of the Federal Reserve System G.17
fed_g17,capacity_utilization_rate,CAPUTL.G311A2.S,"311,312",311111,broader_published,2025-02-01,79.4662,Percent of industrial capacity,Seasonally adjusted,,2026-04,Board of Governors of the Federal Reserve System G.17
fed_g17,capacity_utilization_rate,CAPUTL.G311A2.S,"311,312",311111,broader_published,2025-03-01,79.5125,Percent of industrial capacity,Seasonally adjusted,,2026-04,Board of Governors of the Federal Reserve System G.17
fed_g17,capacity_utilization_rate,CAPUTL.G311A2.S,"311,312",311111,broader_published,2025-04-01,79.649,Percent of industrial capacity,Seasonally adjusted,,2026-04,Board of Governors of the Federal Reserve System G.17
fed_g17,capacity_utilization_rate,CAPUTL.G311A2.S,"311,312",311111,broader_published,2025-05-01,78.9957,Percent of industrial capacity,Seasonally adjusted,,2026-04,Board of Governors of the Federal Reserve System G.17
fed_g17,capacity_utilization_rate,CAPUTL.G311A2.S,"311,312",311111,broader_published,2025-06-01,79.126,Percent of industrial capacity,Seasonally adjusted,,2026-04,Board of Governors of the Federal Reserve System G.17
fed_g17,capacity_utilization_rate,CAPUTL.G311A2.S,"311,312",311111,broader_published,2025-07-01,79.4032,Percent of industrial capacity,Seasonally adjusted,,2026-04,Board of Governors of the Federal Reserve System G.17
fed_g17,capacity_utilization_rate,CAPUTL.G311A2.S,"311,312",311111,broader_published,2025-08-01,78.9238,Percent of industrial capacity,Seasonally adjusted,,2026-04,Board of Governors of the Federal Reserve System G.17
fed_g17,capacity_utilization_rate,CAPUTL.G311A2.S,"311,312",311111,broader_published,2025-09-01,79.0296,Percent of industrial capacity,Seasonally adjusted,,2026-04,Board of Governors of the Federal Reserve System G.17
fed_g17,capacity_utilization_rate,CAPUTL.G311A2.S,"311,312",311111,broader_published,2025-10-01,78.1945,Percent of industrial capacity,Seasonally adjusted,,2026-04,Board of Governors of the Federal Reserve System G.17
fed_g17,capacity_utilization_rate,CAPUTL.G311A2.S,"311,312",311111,broader_published,2025-11-01,77.937,Percent of industrial capacity,Seasonally adjusted,,2026-04,Board of Governors of the Federal Reserve System G.17
fed_g17,capacity_utilization_rate,CAPUTL.G311A2.S,"311,312",311111,broader_published,2025-12-01,77.9889,Percent of industrial capacity,Seasonally adjusted,,2026-04,Board of Governors of the Federal Reserve System G.17
fed_g17,capacity_utilization_rate,CAPUTL.G311A2.S,"311,312",311111,broader_published,2026-01-01,75.872,Percent of industrial capacity,Seasonally adjusted,,2026-04,Board of Governors of the Federal Reserve System G.17
fed_g17,capacity_utilization_rate,CAPUTL.G311A2.S,"311,312",311111,broader_published,2026-02-01,77.3136,Percent of industrial capacity,Seasonally adjusted,,2026-04,Board of Governors of the Federal Reserve System G.17
fed_g17,capacity_utilization_rate,CAPUTL.G311A2.S,"311,312",311111,broader_published,2026-03-01,77.1774,Percent of industrial capacity,Seasonally adjusted,,2026-04,Board of Governors of the Federal Reserve System G.17
fed_g17,capacity_utilization_rate,CAPUTL.G311A2.S,"311,312",311111,broader_published,2026-04-01,78.5886,Percent of industrial capacity,Seasonally adjusted,,2026-04,Board of Governors of the Federal Reserve System G.17
fed_g17,capacity_utilization_rate,CAPUTL.G322.S,322,322120,broader_published,2024-01-01,79.2062,Percent of industrial capacity,Seasonally adjusted,,2026-04,Board of Governors of the Federal Reserve System G.17
fed_g17,capacity_utilization_rate,CAPUTL.G322.S,322,322120,broader_published,2024-02-01,80.5428,Percent of industrial capacity,Seasonally adjusted,,2026-04,Board of Governors of the Federal Reserve System G.17
fed_g17,capacity_utilization_rate,CAPUTL.G322.S,322,322120,broader_published,2024-03-01,80.4994,Percent of industrial capacity,Seasonally adjusted,,2026-04,Board of Governors of the Federal Reserve System G.17
fed_g17,capacity_utilization_rate,CAPUTL.G322.S,322,322120,broader_published,2024-04-01,80.5057,Percent of industrial capacity,Seasonally adjusted,,2026-04,Board of Governors of the Federal Reserve System G.17
fed_g17,capacity_utilization_rate,CAPUTL.G322.S,322,322120,broader_published,2024-05-01,80.5667,Percent of industrial capacity,Seasonally adjusted,,2026-04,Board of Governors of the Federal Reserve System G.17
fed_g17,capacity_utilization_rate,CAPUTL.G322.S,322,322120,broader_published,2024-06-01,80.5683,Percent of industrial capacity,Seasonally adjusted,,2026-04,Board of Governors of the Federal Reserve System G.17
fed_g17,capacity_utilization_rate,CAPUTL.G322.S,322,322120,broader_published,2024-07-01,80.8058,Percent of industrial capacity,Seasonally adjusted,,2026-04,Board of Governors of the Federal Reserve System G.17
fed_g17,capacity_utilization_rate,CAPUTL.G322.S,322,322120,broader_published,2024-08-01,80.8718,Percent of industrial capacity,Seasonally adjusted,,2026-04,Board of Governors of the Federal Reserve System G.17
fed_g17,capacity_utilization_rate,CAPUTL.G322.S,322,322120,broader_published,2024-09-01,81.1702,Percent of industrial capacity,Seasonally adjusted,,2026-04,Board of Governors of the Federal Reserve System G.17
fed_g17,capacity_utilization_rate,CAPUTL.G322.S,322,322120,broader_published,2024-10-01,80.4634,Percent of industrial capacity,Seasonally adjusted,,2026-04,Board of Governors of the Federal Reserve System G.17
fed_g17,capacity_utilization_rate,CAPUTL.G322.S,322,322120,broader_published,2024-11-01,81.2508,Percent of industrial capacity,Seasonally adjusted,,2026-04,Board of Governors of the Federal Reserve System G.17
fed_g17,capacity_utilization_rate,CAPUTL.G322.S,322,322120,broader_published,2024-12-01,80.5315,Percent of industrial capacity,Seasonally adjusted,,2026-04,Board of Governors of the Federal Reserve System G.17
fed_g17,capacity_utilization_rate,CAPUTL.G322.S,322,322120,broader_published,2025-01-01,81.0304,Percent of industrial capacity,Seasonally adjusted,,2026-04,Board of Governors of the Federal Reserve System G.17
fed_g17,capacity_utilization_rate,CAPUTL.G322.S,322,322120,broader_published,2025-02-01,80.0813,Percent of industrial capacity,Seasonally adjusted,,2026-04,Board of Governors of the Federal Reserve System G.17
fed_g17,capacity_utilization_rate,CAPUTL.G322.S,322,322120,broader_published,2025-03-01,79.4368,Percent of industrial capacity,Seasonally adjusted,,2026-04,Board of Governors of the Federal Reserve System G.17
fed_g17,capacity_utilization_rate,CAPUTL.G322.S,322,322120,broader_published,2025-04-01,78.9603,Percent of industrial capacity,Seasonally adjusted,,2026-04,Board of Governors of the Federal Reserve System G.17
fed_g17,capacity_utilization_rate,CAPUTL.G322.S,322,322120,broader_published,2025-05-01,78.7892,Percent of industrial capacity,Seasonally adjusted,,2026-04,Board of Governors of the Federal Reserve System G.17
fed_g17,capacity_utilization_rate,CAPUTL.G322.S,322,322120,broader_published,2025-06-01,80.088,Percent of industrial capacity,Seasonally adjusted,,2026-04,Board of Governors of the Federal Reserve System G.17
fed_g17,capacity_utilization_rate,CAPUTL.G322.S,322,322120,broader_published,2025-07-01,79.9988,Percent of industrial capacity,Seasonally adjusted,,2026-04,Board of Governors of the Federal Reserve System G.17
fed_g17,capacity_utilization_rate,CAPUTL.G322.S,322,322120,broader_published,2025-08-01,79.534,Percent of industrial capacity,Seasonally adjusted,,2026-04,Board of Governors of the Federal Reserve System G.17
fed_g17,capacity_utilization_rate,CAPUTL.G322.S,322,322120,broader_published,2025-09-01,79.0178,Percent of industrial capacity,Seasonally adjusted,,2026-04,Board of Governors of the Federal Reserve System G.17
fed_g17,capacity_utilization_rate,CAPUTL.G322.S,322,322120,broader_published,2025-10-01,77.1715,Percent of industrial capacity,Seasonally adjusted,,2026-04,Board of Governors of the Federal Reserve System G.17
fed_g17,capacity_utilization_rate,CAPUTL.G322.S,322,322120,broader_published,2025-11-01,78.5256,Percent of industrial capacity,Seasonally adjusted,,2026-04,Board of Governors of the Federal Reserve System G.17
fed_g17,capacity_utilization_rate,CAPUTL.G322.S,322,322120,broader_published,2025-12-01,77.3772,Percent of industrial capacity,Seasonally adjusted,,2026-04,Board of Governors of the Federal Reserve System G.17
fed_g17,capacity_utilization_rate,CAPUTL.G322.S,322,322120,broader_published,2026-01-01,76.7824,Percent of industrial capacity,Seasonally adjusted,,2026-04,Board of Governors of the Federal Reserve System G.17
fed_g17,capacity_utilization_rate,CAPUTL.G322.S,322,322120,broader_published,2026-02-01,77.4301,Percent of industrial capacity,Seasonally adjusted,,2026-04,Board of Governors of the Federal Reserve System G.17
fed_g17,capacity_utilization_rate,CAPUTL.G322.S,322,322120,broader_published,2026-03-01,77.8167,Percent of industrial capacity,Seasonally adjusted,,2026-04,Board of Governors of the Federal Reserve System G.17
fed_g17,capacity_utilization_rate,CAPUTL.G322.S,322,322120,broader_published,2026-04-01,77.717,Percent of industrial capacity,Seasonally adjusted,,2026-04,Board of Governors of the Federal Reserve System G.17
fed_g17,capacity_utilization_rate,CAPUTL.G325.S,325,325211,broader_published,2024-01-01,72.7852,Percent of industrial capacity,Seasonally adjusted,,2026-04,Board of Governors of the Federal Reserve System G.17
fed_g17,capacity_utilization_rate,CAPUTL.G325.S,325,325211,broader_published,2024-02-01,74.196,Percent of industrial capacity,Seasonally adjusted,,2026-04,Board of Governors of the Federal Reserve System G.17
fed_g17,capacity_utilization_rate,CAPUTL.G325.S,325,325211,broader_published,2024-03-01,73.9875,Percent of industrial capacity,Seasonally adjusted,,2026-04,Board of Governors of the Federal Reserve System G.17
fed_g17,capacity_utilization_rate,CAPUTL.G325.S,325,325211,broader_published,2024-04-01,73.9771,Percent of industrial capacity,Seasonally adjusted,,2026-04,Board of Governors of the Federal Reserve System G.17
fed_g17,capacity_utilization_rate,CAPUTL.G325.S,325,325211,broader_published,2024-05-01,74.6307,Percent of industrial capacity,Seasonally adjusted,,2026-04,Board of Governors of the Federal Reserve System G.17
fed_g17,capacity_utilization_rate,CAPUTL.G325.S,325,325211,broader_published,2024-06-01,74.7888,Percent of industrial capacity,Seasonally adjusted,,2026-04,Board of Governors of the Federal Reserve System G.17
fed_g17,capacity_utilization_rate,CAPUTL.G325.S,325,325211,broader_published,2024-07-01,74.6131,Percent of industrial capacity,Seasonally adjusted,,2026-04,Board of Governors of the Federal Reserve System G.17
fed_g17,capacity_utilization_rate,CAPUTL.G325.S,325,325211,broader_published,2024-08-01,74.513,Percent of industrial capacity,Seasonally adjusted,,2026-04,Board of Governors of the Federal Reserve System G.17
fed_g17,capacity_utilization_rate,CAPUTL.G325.S,325,325211,broader_published,2024-09-01,74.5599,Percent of industrial capacity,Seasonally adjusted,,2026-04,Board of Governors of the Federal Reserve System G.17
fed_g17,capacity_utilization_rate,CAPUTL.G325.S,325,325211,broader_published,2024-10-01,74.9052,Percent of industrial capacity,Seasonally adjusted,,2026-04,Board of Governors of the Federal Reserve System G.17
fed_g17,capacity_utilization_rate,CAPUTL.G325.S,325,325211,broader_published,2024-11-01,75.4628,Percent of industrial capacity,Seasonally adjusted,,2026-04,Board of Governors of the Federal Reserve System G.17
fed_g17,capacity_utilization_rate,CAPUTL.G325.S,325,325211,broader_published,2024-12-01,75.4497,Percent of industrial capacity,Seasonally adjusted,,2026-04,Board of Governors of the Federal Reserve System G.17
fed_g17,capacity_utilization_rate,CAPUTL.G325.S,325,325211,broader_published,2025-01-01,74.4089,Percent of industrial capacity,Seasonally adjusted,,2026-04,Board of Governors of the Federal Reserve System G.17
fed_g17,capacity_utilization_rate,CAPUTL.G325.S,325,325211,broader_published,2025-02-01,75.3307,Percent of industrial capacity,Seasonally adjusted,,2026-04,Board of Governors of the Federal Reserve System G.17
fed_g17,capacity_utilization_rate,CAPUTL.G325.S,325,325211,broader_published,2025-03-01,75.8693,Percent of industrial capacity,Seasonally adjusted,,2026-04,Board of Governors of the Federal Reserve System G.17
fed_g17,capacity_utilization_rate,CAPUTL.G325.S,325,325211,broader_published,2025-04-01,75.4728,Percent of industrial capacity,Seasonally adjusted,,2026-04,Board of Governors of the Federal Reserve System G.17
fed_g17,capacity_utilization_rate,CAPUTL.G325.S,325,325211,broader_published,2025-05-01,74.2827,Percent of industrial capacity,Seasonally adjusted,,2026-04,Board of Governors of the Federal Reserve System G.17
fed_g17,capacity_utilization_rate,CAPUTL.G325.S,325,325211,broader_published,2025-06-01,75.0929,Percent of industrial capacity,Seasonally adjusted,,2026-04,Board of Governors of the Federal Reserve System G.17
fed_g17,capacity_utilization_rate,CAPUTL.G325.S,325,325211,broader_published,2025-07-01,75.8977,Percent of industrial capacity,Seasonally adjusted,,2026-04,Board of Governors of the Federal Reserve System G.17
fed_g17,capacity_utilization_rate,CAPUTL.G325.S,325,325211,broader_published,2025-08-01,75.7334,Percent of industrial capacity,Seasonally adjusted,,2026-04,Board of Governors of the Federal Reserve System G.17
fed_g17,capacity_utilization_rate,CAPUTL.G325.S,325,325211,broader_published,2025-09-01,75.4437,Percent of industrial capacity,Seasonally adjusted,,2026-04,Board of Governors of the Federal Reserve System G.17
fed_g17,capacity_utilization_rate,CAPUTL.G325.S,325,325211,broader_published,2025-10-01,74.6486,Percent of industrial capacity,Seasonally adjusted,,2026-04,Board of Governors of the Federal Reserve System G.17
fed_g17,capacity_utilization_rate,CAPUTL.G325.S,325,325211,broader_published,2025-11-01,73.9298,Percent of industrial capacity,Seasonally adjusted,,2026-04,Board of Governors of the Federal Reserve System G.17
fed_g17,capacity_utilization_rate,CAPUTL.G325.S,325,325211,broader_published,2025-12-01,73.0963,Percent of industrial capacity,Seasonally adjusted,,2026-04,Board of Governors of the Federal Reserve System G.17
fed_g17,capacity_utilization_rate,CAPUTL.G325.S,325,325211,broader_published,2026-01-01,72.9758,Percent of industrial capacity,Seasonally adjusted,,2026-04,Board of Governors of the Federal Reserve System G.17
fed_g17,capacity_utilization_rate,CAPUTL.G325.S,325,325211,broader_published,2026-02-01,73.2496,Percent of industrial capacity,Seasonally adjusted,,2026-04,Board of Governors of the Federal Reserve System G.17
fed_g17,capacity_utilization_rate,CAPUTL.G325.S,325,325211,broader_published,2026-03-01,73.5772,Percent of industrial capacity,Seasonally adjusted,,2026-04,Board of Governors of the Federal Reserve System G.17
fed_g17,capacity_utilization_rate,CAPUTL.G325.S,325,325211,broader_published,2026-04-01,73.0191,Percent of industrial capacity,Seasonally adjusted,,2026-04,Board of Governors of the Federal Reserve System G.17
fed_g17,capacity_utilization_rate,CAPUTL.G326.S,326,326111,broader_published,2024-01-01,76.6708,Percent of industrial capacity,Seasonally adjusted,,2026-04,Board of Governors of the Federal Reserve System G.17
fed_g17,capacity_utilization_rate,CAPUTL.G326.S,326,326111,broader_published,2024-02-01,76.6406,Percent of industrial capacity,Seasonally adjusted,,2026-04,Board of Governors of the Federal Reserve System G.17
fed_g17,capacity_utilization_rate,CAPUTL.G326.S,326,326111,broader_published,2024-03-01,76.6548,Percent of industrial capacity,Seasonally adjusted,,2026-04,Board of Governors of the Federal Reserve System G.17
fed_g17,capacity_utilization_rate,CAPUTL.G326.S,326,326111,broader_published,2024-04-01,76.664,Percent of industrial capacity,Seasonally adjusted,,2026-04,Board of Governors of the Federal Reserve System G.17
fed_g17,capacity_utilization_rate,CAPUTL.G326.S,326,326111,broader_published,2024-05-01,76.2459,Percent of industrial capacity,Seasonally adjusted,,2026-04,Board of Governors of the Federal Reserve System G.17
fed_g17,capacity_utilization_rate,CAPUTL.G326.S,326,326111,broader_published,2024-06-01,75.7074,Percent of industrial capacity,Seasonally adjusted,,2026-04,Board of Governors of the Federal Reserve System G.17
fed_g17,capacity_utilization_rate,CAPUTL.G326.S,326,326111,broader_published,2024-07-01,75.0951,Percent of industrial capacity,Seasonally adjusted,,2026-04,Board of Governors of the Federal Reserve System G.17
fed_g17,capacity_utilization_rate,CAPUTL.G326.S,326,326111,broader_published,2024-08-01,74.2679,Percent of industrial capacity,Seasonally adjusted,,2026-04,Board of Governors of the Federal Reserve System G.17
fed_g17,capacity_utilization_rate,CAPUTL.G326.S,326,326111,broader_published,2024-09-01,73.4216,Percent of industrial capacity,Seasonally adjusted,,2026-04,Board of Governors of the Federal Reserve System G.17
fed_g17,capacity_utilization_rate,CAPUTL.G326.S,326,326111,broader_published,2024-10-01,72.7279,Percent of industrial capacity,Seasonally adjusted,,2026-04,Board of Governors of the Federal Reserve System G.17
fed_g17,capacity_utilization_rate,CAPUTL.G326.S,326,326111,broader_published,2024-11-01,73.0367,Percent of industrial capacity,Seasonally adjusted,,2026-04,Board of Governors of the Federal Reserve System G.17
fed_g17,capacity_utilization_rate,CAPUTL.G326.S,326,326111,broader_published,2024-12-01,72.762,Percent of industrial capacity,Seasonally adjusted,,2026-04,Board of Governors of the Federal Reserve System G.17
fed_g17,capacity_utilization_rate,CAPUTL.G326.S,326,326111,broader_published,2025-01-01,72.2015,Percent of industrial capacity,Seasonally adjusted,,2026-04,Board of Governors of the Federal Reserve System G.17
fed_g17,capacity_utilization_rate,CAPUTL.G326.S,326,326111,broader_published,2025-02-01,73.1648,Percent of industrial capacity,Seasonally adjusted,,2026-04,Board of Governors of the Federal Reserve System G.17
fed_g17,capacity_utilization_rate,CAPUTL.G326.S,326,326111,broader_published,2025-03-01,74.5544,Percent of industrial capacity,Seasonally adjusted,,2026-04,Board of Governors of the Federal Reserve System G.17
fed_g17,capacity_utilization_rate,CAPUTL.G326.S,326,326111,broader_published,2025-04-01,74.5886,Percent of industrial capacity,Seasonally adjusted,,2026-04,Board of Governors of the Federal Reserve System G.17
fed_g17,capacity_utilization_rate,CAPUTL.G326.S,326,326111,broader_published,2025-05-01,74.1222,Percent of industrial capacity,Seasonally adjusted,,2026-04,Board of Governors of the Federal Reserve System G.17
fed_g17,capacity_utilization_rate,CAPUTL.G326.S,326,326111,broader_published,2025-06-01,73.8659,Percent of industrial capacity,Seasonally adjusted,,2026-04,Board of Governors of the Federal Reserve System G.17
fed_g17,capacity_utilization_rate,CAPUTL.G326.S,326,326111,broader_published,2025-07-01,73.0572,Percent of industrial capacity,Seasonally adjusted,,2026-04,Board of Governors of the Federal Reserve System G.17
fed_g17,capacity_utilization_rate,CAPUTL.G326.S,326,326111,broader_published,2025-08-01,73.8334,Percent of industrial capacity,Seasonally adjusted,,2026-04,Board of Governors of the Federal Reserve System G.17
fed_g17,capacity_utilization_rate,CAPUTL.G326.S,326,326111,broader_published,2025-09-01,73.3541,Percent of industrial capacity,Seasonally adjusted,,2026-04,Board of Governors of the Federal Reserve System G.17
fed_g17,capacity_utilization_rate,CAPUTL.G326.S,326,326111,broader_published,2025-10-01,72.6215,Percent of industrial capacity,Seasonally adjusted,,2026-04,Board of Governors of the Federal Reserve System G.17
fed_g17,capacity_utilization_rate,CAPUTL.G326.S,326,326111,broader_published,2025-11-01,73.4651,Percent of industrial capacity,Seasonally adjusted,,2026-04,Board of Governors of the Federal Reserve System G.17
fed_g17,capacity_utilization_rate,CAPUTL.G326.S,326,326111,broader_published,2025-12-01,72.9346,Percent of industrial capacity,Seasonally adjusted,,2026-04,Board of Governors of the Federal Reserve System G.17
fed_g17,capacity_utilization_rate,CAPUTL.G326.S,326,326111,broader_published,2026-01-01,74.0601,Percent of industrial capacity,Seasonally adjusted,,2026-04,Board of Governors of the Federal Reserve System G.17
fed_g17,capacity_utilization_rate,CAPUTL.G326.S,326,326111,broader_published,2026-02-01,74.3497,Percent of industrial capacity,Seasonally adjusted,,2026-04,Board of Governors of the Federal Reserve System G.17
fed_g17,capacity_utilization_rate,CAPUTL.G326.S,326,326111,broader_published,2026-03-01,75.1603,Percent of industrial capacity,Seasonally adjusted,,2026-04,Board of Governors of the Federal Reserve System G.17
fed_g17,capacity_utilization_rate,CAPUTL.G326.S,326,326111,broader_published,2026-04-01,74.8004,Percent of industrial capacity,Seasonally adjusted,,2026-04,Board of Governors of the Federal Reserve System G.17
fed_g17,capacity_utilization_rate,CAPUTL.G331.S,331,331110,broader_published,2024-01-01,67.9863,Percent of industrial capacity,Seasonally adjusted,,2026-04,Board of Governors of the Federal Reserve System G.17
fed_g17,capacity_utilization_rate,CAPUTL.G331.S,331,331110,broader_published,2024-02-01,68.268,Percent of industrial capacity,Seasonally adjusted,,2026-04,Board of Governors of the Federal Reserve System G.17
fed_g17,capacity_utilization_rate,CAPUTL.G331.S,331,331110,broader_published,2024-03-01,68.3944,Percent of industrial capacity,Seasonally adjusted,,2026-04,Board of Governors of the Federal Reserve System G.17
fed_g17,capacity_utilization_rate,CAPUTL.G331.S,331,331110,broader_published,2024-04-01,67.04,Percent of industrial capacity,Seasonally adjusted,,2026-04,Board of Governors of the Federal Reserve System G.17
fed_g17,capacity_utilization_rate,CAPUTL.G331.S,331,331110,broader_published,2024-05-01,69.0651,Percent of industrial capacity,Seasonally adjusted,,2026-04,Board of Governors of the Federal Reserve System G.17
fed_g17,capacity_utilization_rate,CAPUTL.G331.S,331,331110,broader_published,2024-06-01,65.9381,Percent of industrial capacity,Seasonally adjusted,,2026-04,Board of Governors of the Federal Reserve System G.17
fed_g17,capacity_utilization_rate,CAPUTL.G331.S,331,331110,broader_published,2024-07-01,66.3928,Percent of industrial capacity,Seasonally adjusted,,2026-04,Board of Governors of the Federal Reserve System G.17
fed_g17,capacity_utilization_rate,CAPUTL.G331.S,331,331110,broader_published,2024-08-01,67.7531,Percent of industrial capacity,Seasonally adjusted,,2026-04,Board of Governors of the Federal Reserve System G.17
fed_g17,capacity_utilization_rate,CAPUTL.G331.S,331,331110,broader_published,2024-09-01,66.755,Percent of industrial capacity,Seasonally adjusted,,2026-04,Board of Governors of the Federal Reserve System G.17
fed_g17,capacity_utilization_rate,CAPUTL.G331.S,331,331110,broader_published,2024-10-01,65.5246,Percent of industrial capacity,Seasonally adjusted,,2026-04,Board of Governors of the Federal Reserve System G.17
fed_g17,capacity_utilization_rate,CAPUTL.G331.S,331,331110,broader_published,2024-11-01,64.7555,Percent of industrial capacity,Seasonally adjusted,,2026-04,Board of Governors of the Federal Reserve System G.17
fed_g17,capacity_utilization_rate,CAPUTL.G331.S,331,331110,broader_published,2024-12-01,65.7644,Percent of industrial capacity,Seasonally adjusted,,2026-04,Board of Governors of the Federal Reserve System G.17
fed_g17,capacity_utilization_rate,CAPUTL.G331.S,331,331110,broader_published,2025-01-01,65.9778,Percent of industrial capacity,Seasonally adjusted,,2026-04,Board of Governors of the Federal Reserve System G.17
fed_g17,capacity_utilization_rate,CAPUTL.G331.S,331,331110,broader_published,2025-02-01,65.3594,Percent of industrial capacity,Seasonally adjusted,,2026-04,Board of Governors of the Federal Reserve System G.17
fed_g17,capacity_utilization_rate,CAPUTL.G331.S,331,331110,broader_published,2025-03-01,66.0314,Percent of industrial capacity,Seasonally adjusted,,2026-04,Board of Governors of the Federal Reserve System G.17
fed_g17,capacity_utilization_rate,CAPUTL.G331.S,331,331110,broader_published,2025-04-01,66.2719,Percent of industrial capacity,Seasonally adjusted,,2026-04,Board of Governors of the Federal Reserve System G.17
fed_g17,capacity_utilization_rate,CAPUTL.G331.S,331,331110,broader_published,2025-05-01,65.2864,Percent of industrial capacity,Seasonally adjusted,,2026-04,Board of Governors of the Federal Reserve System G.17
fed_g17,capacity_utilization_rate,CAPUTL.G331.S,331,331110,broader_published,2025-06-01,67.2001,Percent of industrial capacity,Seasonally adjusted,,2026-04,Board of Governors of the Federal Reserve System G.17
fed_g17,capacity_utilization_rate,CAPUTL.G331.S,331,331110,broader_published,2025-07-01,67.1383,Percent of industrial capacity,Seasonally adjusted,,2026-04,Board of Governors of the Federal Reserve System G.17
fed_g17,capacity_utilization_rate,CAPUTL.G331.S,331,331110,broader_published,2025-08-01,67.7714,Percent of industrial capacity,Seasonally adjusted,,2026-04,Board of Governors of the Federal Reserve System G.17
fed_g17,capacity_utilization_rate,CAPUTL.G331.S,331,331110,broader_published,2025-09-01,68.0255,Percent of industrial capacity,Seasonally adjusted,,2026-04,Board of Governors of the Federal Reserve System G.17
fed_g17,capacity_utilization_rate,CAPUTL.G331.S,331,331110,broader_published,2025-10-01,67.7115,Percent of industrial capacity,Seasonally adjusted,,2026-04,Board of Governors of the Federal Reserve System G.17
fed_g17,capacity_utilization_rate,CAPUTL.G331.S,331,331110,broader_published,2025-11-01,66.3823,Percent of industrial capacity,Seasonally adjusted,,2026-04,Board of Governors of the Federal Reserve System G.17
fed_g17,capacity_utilization_rate,CAPUTL.G331.S,331,331110,broader_published,2025-12-01,66.8434,Percent of industrial capacity,Seasonally adjusted,,2026-04,Board of Governors of the Federal Reserve System G.17
fed_g17,capacity_utilization_rate,CAPUTL.G331.S,331,331110,broader_published,2026-01-01,66.4286,Percent of industrial capacity,Seasonally adjusted,,2026-04,Board of Governors of the Federal Reserve System G.17
fed_g17,capacity_utilization_rate,CAPUTL.G331.S,331,331110,broader_published,2026-02-01,67.0679,Percent of industrial capacity,Seasonally adjusted,,2026-04,Board of Governors of the Federal Reserve System G.17
fed_g17,capacity_utilization_rate,CAPUTL.G331.S,331,331110,broader_published,2026-03-01,67.1951,Percent of industrial capacity,Seasonally adjusted,,2026-04,Board of Governors of the Federal Reserve System G.17
fed_g17,capacity_utilization_rate,CAPUTL.G331.S,331,331110,broader_published,2026-04-01,66.8735,Percent of industrial capacity,Seasonally adjusted,,2026-04,Board of Governors of the Federal Reserve System G.17
fed_g17,capacity_utilization_rate,CAPUTL.G334.S,334,334111,broader_published,2024-01-01,73.1318,Percent of industrial capacity,Seasonally adjusted,,2026-04,Board of Governors of the Federal Reserve System G.17
fed_g17,capacity_utilization_rate,CAPUTL.G334.S,334,334111,broader_published,2024-02-01,72.4956,Percent of industrial capacity,Seasonally adjusted,,2026-04,Board of Governors of the Federal Reserve System G.17
fed_g17,capacity_utilization_rate,CAPUTL.G334.S,334,334111,broader_published,2024-03-01,72.204,Percent of industrial capacity,Seasonally adjusted,,2026-04,Board of Governors of the Federal Reserve System G.17
fed_g17,capacity_utilization_rate,CAPUTL.G334.S,334,334111,broader_published,2024-04-01,73.0428,Percent of industrial capacity,Seasonally adjusted,,2026-04,Board of Governors of the Federal Reserve System G.17
fed_g17,capacity_utilization_rate,CAPUTL.G334.S,334,334111,broader_published,2024-05-01,73.3191,Percent of industrial capacity,Seasonally adjusted,,2026-04,Board of Governors of the Federal Reserve System G.17
fed_g17,capacity_utilization_rate,CAPUTL.G334.S,334,334111,broader_published,2024-06-01,73.0866,Percent of industrial capacity,Seasonally adjusted,,2026-04,Board of Governors of the Federal Reserve System G.17
fed_g17,capacity_utilization_rate,CAPUTL.G334.S,334,334111,broader_published,2024-07-01,73.8863,Percent of industrial capacity,Seasonally adjusted,,2026-04,Board of Governors of the Federal Reserve System G.17
fed_g17,capacity_utilization_rate,CAPUTL.G334.S,334,334111,broader_published,2024-08-01,74.0609,Percent of industrial capacity,Seasonally adjusted,,2026-04,Board of Governors of the Federal Reserve System G.17
fed_g17,capacity_utilization_rate,CAPUTL.G334.S,334,334111,broader_published,2024-09-01,73.3329,Percent of industrial capacity,Seasonally adjusted,,2026-04,Board of Governors of the Federal Reserve System G.17
fed_g17,capacity_utilization_rate,CAPUTL.G334.S,334,334111,broader_published,2024-10-01,73.9754,Percent of industrial capacity,Seasonally adjusted,,2026-04,Board of Governors of the Federal Reserve System G.17
fed_g17,capacity_utilization_rate,CAPUTL.G334.S,334,334111,broader_published,2024-11-01,73.631,Percent of industrial capacity,Seasonally adjusted,,2026-04,Board of Governors of the Federal Reserve System G.17
fed_g17,capacity_utilization_rate,CAPUTL.G334.S,334,334111,broader_published,2024-12-01,74.0558,Percent of industrial capacity,Seasonally adjusted,,2026-04,Board of Governors of the Federal Reserve System G.17
fed_g17,capacity_utilization_rate,CAPUTL.G334.S,334,334111,broader_published,2025-01-01,75.2107,Percent of industrial capacity,Seasonally adjusted,,2026-04,Board of Governors of the Federal Reserve System G.17
fed_g17,capacity_utilization_rate,CAPUTL.G334.S,334,334111,broader_published,2025-02-01,75.083,Percent of industrial capacity,Seasonally adjusted,,2026-04,Board of Governors of the Federal Reserve System G.17
fed_g17,capacity_utilization_rate,CAPUTL.G334.S,334,334111,broader_published,2025-03-01,75.3615,Percent of industrial capacity,Seasonally adjusted,,2026-04,Board of Governors of the Federal Reserve System G.17
fed_g17,capacity_utilization_rate,CAPUTL.G334.S,334,334111,broader_published,2025-04-01,74.665,Percent of industrial capacity,Seasonally adjusted,,2026-04,Board of Governors of the Federal Reserve System G.17
fed_g17,capacity_utilization_rate,CAPUTL.G334.S,334,334111,broader_published,2025-05-01,74.4029,Percent of industrial capacity,Seasonally adjusted,,2026-04,Board of Governors of the Federal Reserve System G.17
fed_g17,capacity_utilization_rate,CAPUTL.G334.S,334,334111,broader_published,2025-06-01,73.8824,Percent of industrial capacity,Seasonally adjusted,,2026-04,Board of Governors of the Federal Reserve System G.17
fed_g17,capacity_utilization_rate,CAPUTL.G334.S,334,334111,broader_published,2025-07-01,75.1228,Percent of industrial capacity,Seasonally adjusted,,2026-04,Board of Governors of the Federal Reserve System G.17
fed_g17,capacity_utilization_rate,CAPUTL.G334.S,334,334111,broader_published,2025-08-01,74.5082,Percent of industrial capacity,Seasonally adjusted,,2026-04,Board of Governors of the Federal Reserve System G.17
fed_g17,capacity_utilization_rate,CAPUTL.G334.S,334,334111,broader_published,2025-09-01,73.9694,Percent of industrial capacity,Seasonally adjusted,,2026-04,Board of Governors of the Federal Reserve System G.17
fed_g17,capacity_utilization_rate,CAPUTL.G334.S,334,334111,broader_published,2025-10-01,74.6586,Percent of industrial capacity,Seasonally adjusted,,2026-04,Board of Governors of the Federal Reserve System G.17
fed_g17,capacity_utilization_rate,CAPUTL.G334.S,334,334111,broader_published,2025-11-01,74.6965,Percent of industrial capacity,Seasonally adjusted,,2026-04,Board of Governors of the Federal Reserve System G.17
fed_g17,capacity_utilization_rate,CAPUTL.G334.S,334,334111,broader_published,2025-12-01,74.1291,Percent of industrial capacity,Seasonally adjusted,,2026-04,Board of Governors of the Federal Reserve System G.17
fed_g17,capacity_utilization_rate,CAPUTL.G334.S,334,334111,broader_published,2026-01-01,74.8338,Percent of industrial capacity,Seasonally adjusted,,2026-04,Board of Governors of the Federal Reserve System G.17
fed_g17,capacity_utilization_rate,CAPUTL.G334.S,334,334111,broader_published,2026-02-01,74.609,Percent of industrial capacity,Seasonally adjusted,,2026-04,Board of Governors of the Federal Reserve System G.17
fed_g17,capacity_utilization_rate,CAPUTL.G334.S,334,334111,broader_published,2026-03-01,74.2998,Percent of industrial capacity,Seasonally adjusted,,2026-04,Board of Governors of the Federal Reserve System G.17
fed_g17,capacity_utilization_rate,CAPUTL.G334.S,334,334111,broader_published,2026-04-01,75.4637,Percent of industrial capacity,Seasonally adjusted,,2026-04,Board of Governors of the Federal Reserve System G.17
fed_g17,capacity_utilization_rate,CAPUTL.G3361T3.S,3361-3363,336110,broader_published,2024-01-01,68.4543,Percent of industrial capacity,Seasonally adjusted,,2026-04,Board of Governors of the Federal Reserve System G.17
fed_g17,capacity_utilization_rate,CAPUTL.G3361T3.S,3361-3363,336110,broader_published,2024-02-01,72.062,Percent of industrial capacity,Seasonally adjusted,,2026-04,Board of Governors of the Federal Reserve System G.17
fed_g17,capacity_utilization_rate,CAPUTL.G3361T3.S,3361-3363,336110,broader_published,2024-03-01,72.8496,Percent of industrial capacity,Seasonally adjusted,,2026-04,Board of Governors of the Federal Reserve System G.17
fed_g17,capacity_utilization_rate,CAPUTL.G3361T3.S,3361-3363,336110,broader_published,2024-04-01,71.1933,Percent of industrial capacity,Seasonally adjusted,,2026-04,Board of Governors of the Federal Reserve System G.17
fed_g17,capacity_utilization_rate,CAPUTL.G3361T3.S,3361-3363,336110,broader_published,2024-05-01,71.0592,Percent of industrial capacity,Seasonally adjusted,,2026-04,Board of Governors of the Federal Reserve System G.17
fed_g17,capacity_utilization_rate,CAPUTL.G3361T3.S,3361-3363,336110,broader_published,2024-06-01,71.7521,Percent of industrial capacity,Seasonally adjusted,,2026-04,Board of Governors of the Federal Reserve System G.17
fed_g17,capacity_utilization_rate,CAPUTL.G3361T3.S,3361-3363,336110,broader_published,2024-07-01,63.9582,Percent of industrial capacity,Seasonally adjusted,,2026-04,Board of Governors of the Federal Reserve System G.17
fed_g17,capacity_utilization_rate,CAPUTL.G3361T3.S,3361-3363,336110,broader_published,2024-08-01,69.076,Percent of industrial capacity,Seasonally adjusted,,2026-04,Board of Governors of the Federal Reserve System G.17
fed_g17,capacity_utilization_rate,CAPUTL.G3361T3.S,3361-3363,336110,broader_published,2024-09-01,68.7643,Percent of industrial capacity,Seasonally adjusted,,2026-04,Board of Governors of the Federal Reserve System G.17
fed_g17,capacity_utilization_rate,CAPUTL.G3361T3.S,3361-3363,336110,broader_published,2024-10-01,66.0677,Percent of industrial capacity,Seasonally adjusted,,2026-04,Board of Governors of the Federal Reserve System G.17
fed_g17,capacity_utilization_rate,CAPUTL.G3361T3.S,3361-3363,336110,broader_published,2024-11-01,67.8003,Percent of industrial capacity,Seasonally adjusted,,2026-04,Board of Governors of the Federal Reserve System G.17
fed_g17,capacity_utilization_rate,CAPUTL.G3361T3.S,3361-3363,336110,broader_published,2024-12-01,65.3108,Percent of industrial capacity,Seasonally adjusted,,2026-04,Board of Governors of the Federal Reserve System G.17
fed_g17,capacity_utilization_rate,CAPUTL.G3361T3.S,3361-3363,336110,broader_published,2025-01-01,61.153,Percent of industrial capacity,Seasonally adjusted,,2026-04,Board of Governors of the Federal Reserve System G.17
fed_g17,capacity_utilization_rate,CAPUTL.G3361T3.S,3361-3363,336110,broader_published,2025-02-01,66.9667,Percent of industrial capacity,Seasonally adjusted,,2026-04,Board of Governors of the Federal Reserve System G.17
fed_g17,capacity_utilization_rate,CAPUTL.G3361T3.S,3361-3363,336110,broader_published,2025-03-01,66.7385,Percent of industrial capacity,Seasonally adjusted,,2026-04,Board of Governors of the Federal Reserve System G.17
fed_g17,capacity_utilization_rate,CAPUTL.G3361T3.S,3361-3363,336110,broader_published,2025-04-01,66.5444,Percent of industrial capacity,Seasonally adjusted,,2026-04,Board of Governors of the Federal Reserve System G.17
fed_g17,capacity_utilization_rate,CAPUTL.G3361T3.S,3361-3363,336110,broader_published,2025-05-01,69.4222,Percent of industrial capacity,Seasonally adjusted,,2026-04,Board of Governors of the Federal Reserve System G.17
fed_g17,capacity_utilization_rate,CAPUTL.G3361T3.S,3361-3363,336110,broader_published,2025-06-01,68.4038,Percent of industrial capacity,Seasonally adjusted,,2026-04,Board of Governors of the Federal Reserve System G.17
fed_g17,capacity_utilization_rate,CAPUTL.G3361T3.S,3361-3363,336110,broader_published,2025-07-01,67.6313,Percent of industrial capacity,Seasonally adjusted,,2026-04,Board of Governors of the Federal Reserve System G.17
fed_g17,capacity_utilization_rate,CAPUTL.G3361T3.S,3361-3363,336110,broader_published,2025-08-01,69.6229,Percent of industrial capacity,Seasonally adjusted,,2026-04,Board of Governors of the Federal Reserve System G.17
fed_g17,capacity_utilization_rate,CAPUTL.G3361T3.S,3361-3363,336110,broader_published,2025-09-01,68.3834,Percent of industrial capacity,Seasonally adjusted,,2026-04,Board of Governors of the Federal Reserve System G.17
fed_g17,capacity_utilization_rate,CAPUTL.G3361T3.S,3361-3363,336110,broader_published,2025-10-01,64.4149,Percent of industrial capacity,Seasonally adjusted,,2026-04,Board of Governors of the Federal Reserve System G.17
fed_g17,capacity_utilization_rate,CAPUTL.G3361T3.S,3361-3363,336110,broader_published,2025-11-01,63.4948,Percent of industrial capacity,Seasonally adjusted,,2026-04,Board of Governors of the Federal Reserve System G.17
fed_g17,capacity_utilization_rate,CAPUTL.G3361T3.S,3361-3363,336110,broader_published,2025-12-01,63.9187,Percent of industrial capacity,Seasonally adjusted,,2026-04,Board of Governors of the Federal Reserve System G.17
fed_g17,capacity_utilization_rate,CAPUTL.G3361T3.S,3361-3363,336110,broader_published,2026-01-01,65.2455,Percent of industrial capacity,Seasonally adjusted,,2026-04,Board of Governors of the Federal Reserve System G.17
fed_g17,capacity_utilization_rate,CAPUTL.G3361T3.S,3361-3363,336110,broader_published,2026-02-01,67.5308,Percent of industrial capacity,Seasonally adjusted,,2026-04,Board of Governors of the Federal Reserve System G.17
fed_g17,capacity_utilization_rate,CAPUTL.G3361T3.S,3361-3363,336110,broader_published,2026-03-01,66.125,Percent of industrial capacity,Seasonally adjusted,,2026-04,Board of Governors of the Federal Reserve System G.17
fed_g17,capacity_utilization_rate,CAPUTL.G3361T3.S,3361-3363,336110,broader_published,2026-04-01,67.9269,Percent of industrial capacity,Seasonally adjusted,,2026-04,Board of Governors of the Federal Reserve System G.17
fed_g17,industrial_production_index,IP.G3111.S,3111,311111,broader_published,2024-01-01,94.0517,Industrial production index (2017=100),Seasonally adjusted,2017=100,2026-04,Board of Governors of the Federal Reserve System G.17
fed_g17,industrial_production_index,IP.G3111.S,3111,311111,broader_published,2024-02-01,94.8071,Industrial production index (2017=100),Seasonally adjusted,2017=100,2026-04,Board of Governors of the Federal Reserve System G.17
fed_g17,industrial_production_index,IP.G3111.S,3111,311111,broader_published,2024-03-01,94.3869,Industrial production index (2017=100),Seasonally adjusted,2017=100,2026-04,Board of Governors of the Federal Reserve System G.17
fed_g17,industrial_production_index,IP.G3111.S,3111,311111,broader_published,2024-04-01,92.1744,Industrial production index (2017=100),Seasonally adjusted,2017=100,2026-04,Board of Governors of the Federal Reserve System G.17
fed_g17,industrial_production_index,IP.G3111.S,3111,311111,broader_published,2024-05-01,96.3349,Industrial production index (2017=100),Seasonally adjusted,2017=100,2026-04,Board of Governors of the Federal Reserve System G.17
fed_g17,industrial_production_index,IP.G3111.S,3111,311111,broader_published,2024-06-01,95.521,Industrial production index (2017=100),Seasonally adjusted,2017=100,2026-04,Board of Governors of the Federal Reserve System G.17
fed_g17,industrial_production_index,IP.G3111.S,3111,311111,broader_published,2024-07-01,90.9766,Industrial production index (2017=100),Seasonally adjusted,2017=100,2026-04,Board of Governors of the Federal Reserve System G.17
fed_g17,industrial_production_index,IP.G3111.S,3111,311111,broader_published,2024-08-01,89.8415,Industrial production index (2017=100),Seasonally adjusted,2017=100,2026-04,Board of Governors of the Federal Reserve System G.17
fed_g17,industrial_production_index,IP.G3111.S,3111,311111,broader_published,2024-09-01,91.9869,Industrial production index (2017=100),Seasonally adjusted,2017=100,2026-04,Board of Governors of the Federal Reserve System G.17
fed_g17,industrial_production_index,IP.G3111.S,3111,311111,broader_published,2024-10-01,91.378,Industrial production index (2017=100),Seasonally adjusted,2017=100,2026-04,Board of Governors of the Federal Reserve System G.17
fed_g17,industrial_production_index,IP.G3111.S,3111,311111,broader_published,2024-11-01,92.6444,Industrial production index (2017=100),Seasonally adjusted,2017=100,2026-04,Board of Governors of the Federal Reserve System G.17
fed_g17,industrial_production_index,IP.G3111.S,3111,311111,broader_published,2024-12-01,93.5377,Industrial production index (2017=100),Seasonally adjusted,2017=100,2026-04,Board of Governors of the Federal Reserve System G.17
fed_g17,industrial_production_index,IP.G3111.S,3111,311111,broader_published,2025-01-01,94.8902,Industrial production index (2017=100),Seasonally adjusted,2017=100,2026-04,Board of Governors of the Federal Reserve System G.17
fed_g17,industrial_production_index,IP.G3111.S,3111,311111,broader_published,2025-02-01,91.2102,Industrial production index (2017=100),Seasonally adjusted,2017=100,2026-04,Board of Governors of the Federal Reserve System G.17
fed_g17,industrial_production_index,IP.G3111.S,3111,311111,broader_published,2025-03-01,94.875,Industrial production index (2017=100),Seasonally adjusted,2017=100,2026-04,Board of Governors of the Federal Reserve System G.17
fed_g17,industrial_production_index,IP.G3111.S,3111,311111,broader_published,2025-04-01,95.7108,Industrial production index (2017=100),Seasonally adjusted,2017=100,2026-04,Board of Governors of the Federal Reserve System G.17
fed_g17,industrial_production_index,IP.G3111.S,3111,311111,broader_published,2025-05-01,94.8584,Industrial production index (2017=100),Seasonally adjusted,2017=100,2026-04,Board of Governors of the Federal Reserve System G.17
fed_g17,industrial_production_index,IP.G3111.S,3111,311111,broader_published,2025-06-01,94.5222,Industrial production index (2017=100),Seasonally adjusted,2017=100,2026-04,Board of Governors of the Federal Reserve System G.17
fed_g17,industrial_production_index,IP.G3111.S,3111,311111,broader_published,2025-07-01,88.8476,Industrial production index (2017=100),Seasonally adjusted,2017=100,2026-04,Board of Governors of the Federal Reserve System G.17
fed_g17,industrial_production_index,IP.G3111.S,3111,311111,broader_published,2025-08-01,93.0057,Industrial production index (2017=100),Seasonally adjusted,2017=100,2026-04,Board of Governors of the Federal Reserve System G.17
fed_g17,industrial_production_index,IP.G3111.S,3111,311111,broader_published,2025-09-01,93.8973,Industrial production index (2017=100),Seasonally adjusted,2017=100,2026-04,Board of Governors of the Federal Reserve System G.17
fed_g17,industrial_production_index,IP.G3111.S,3111,311111,broader_published,2025-10-01,96.3974,Industrial production index (2017=100),Seasonally adjusted,2017=100,2026-04,Board of Governors of the Federal Reserve System G.17
fed_g17,industrial_production_index,IP.G3111.S,3111,311111,broader_published,2025-11-01,94.1837,Industrial production index (2017=100),Seasonally adjusted,2017=100,2026-04,Board of Governors of the Federal Reserve System G.17
fed_g17,industrial_production_index,IP.G3111.S,3111,311111,broader_published,2025-12-01,93.605,Industrial production index (2017=100),Seasonally adjusted,2017=100,2026-04,Board of Governors of the Federal Reserve System G.17
fed_g17,industrial_production_index,IP.G3111.S,3111,311111,broader_published,2026-01-01,95.1512,Industrial production index (2017=100),Seasonally adjusted,2017=100,2026-04,Board of Governors of the Federal Reserve System G.17
fed_g17,industrial_production_index,IP.G3111.S,3111,311111,broader_published,2026-02-01,95.6033,Industrial production index (2017=100),Seasonally adjusted,2017=100,2026-04,Board of Governors of the Federal Reserve System G.17
fed_g17,industrial_production_index,IP.G3111.S,3111,311111,broader_published,2026-03-01,95.51,Industrial production index (2017=100),Seasonally adjusted,2017=100,2026-04,Board of Governors of the Federal Reserve System G.17
fed_g17,industrial_production_index,IP.G3111.S,3111,311111,broader_published,2026-04-01,96.6036,Industrial production index (2017=100),Seasonally adjusted,2017=100,2026-04,Board of Governors of the Federal Reserve System G.17
fed_g17,industrial_production_index,IP.G32212.S,32212,322120,broader_published,2024-01-01,59.3953,Industrial production index (2017=100),Seasonally adjusted,2017=100,2026-04,Board of Governors of the Federal Reserve System G.17
fed_g17,industrial_production_index,IP.G32212.S,32212,322120,broader_published,2024-02-01,61.4367,Industrial production index (2017=100),Seasonally adjusted,2017=100,2026-04,Board of Governors of the Federal Reserve System G.17
fed_g17,industrial_production_index,IP.G32212.S,32212,322120,broader_published,2024-03-01,60.9422,Industrial production index (2017=100),Seasonally adjusted,2017=100,2026-04,Board of Governors of the Federal Reserve System G.17
fed_g17,industrial_production_index,IP.G32212.S,32212,322120,broader_published,2024-04-01,61.801,Industrial production index (2017=100),Seasonally adjusted,2017=100,2026-04,Board of Governors of the Federal Reserve System G.17
fed_g17,industrial_production_index,IP.G32212.S,32212,322120,broader_published,2024-05-01,61.3041,Industrial production index (2017=100),Seasonally adjusted,2017=100,2026-04,Board of Governors of the Federal Reserve System G.17
fed_g17,industrial_production_index,IP.G32212.S,32212,322120,broader_published,2024-06-01,61.2195,Industrial production index (2017=100),Seasonally adjusted,2017=100,2026-04,Board of Governors of the Federal Reserve System G.17
fed_g17,industrial_production_index,IP.G32212.S,32212,322120,broader_published,2024-07-01,60.3525,Industrial production index (2017=100),Seasonally adjusted,2017=100,2026-04,Board of Governors of the Federal Reserve System G.17
fed_g17,industrial_production_index,IP.G32212.S,32212,322120,broader_published,2024-08-01,60.2863,Industrial production index (2017=100),Seasonally adjusted,2017=100,2026-04,Board of Governors of the Federal Reserve System G.17
fed_g17,industrial_production_index,IP.G32212.S,32212,322120,broader_published,2024-09-01,59.9625,Industrial production index (2017=100),Seasonally adjusted,2017=100,2026-04,Board of Governors of the Federal Reserve System G.17
fed_g17,industrial_production_index,IP.G32212.S,32212,322120,broader_published,2024-10-01,60.0925,Industrial production index (2017=100),Seasonally adjusted,2017=100,2026-04,Board of Governors of the Federal Reserve System G.17
fed_g17,industrial_production_index,IP.G32212.S,32212,322120,broader_published,2024-11-01,59.1495,Industrial production index (2017=100),Seasonally adjusted,2017=100,2026-04,Board of Governors of the Federal Reserve System G.17
fed_g17,industrial_production_index,IP.G32212.S,32212,322120,broader_published,2024-12-01,58.8795,Industrial production index (2017=100),Seasonally adjusted,2017=100,2026-04,Board of Governors of the Federal Reserve System G.17
fed_g17,industrial_production_index,IP.G32212.S,32212,322120,broader_published,2025-01-01,58.539,Industrial production index (2017=100),Seasonally adjusted,2017=100,2026-04,Board of Governors of the Federal Reserve System G.17
fed_g17,industrial_production_index,IP.G32212.S,32212,322120,broader_published,2025-02-01,58.0196,Industrial production index (2017=100),Seasonally adjusted,2017=100,2026-04,Board of Governors of the Federal Reserve System G.17
fed_g17,industrial_production_index,IP.G32212.S,32212,322120,broader_published,2025-03-01,59.0273,Industrial production index (2017=100),Seasonally adjusted,2017=100,2026-04,Board of Governors of the Federal Reserve System G.17
fed_g17,industrial_production_index,IP.G32212.S,32212,322120,broader_published,2025-04-01,58.7228,Industrial production index (2017=100),Seasonally adjusted,2017=100,2026-04,Board of Governors of the Federal Reserve System G.17
fed_g17,industrial_production_index,IP.G32212.S,32212,322120,broader_published,2025-05-01,58.3446,Industrial production index (2017=100),Seasonally adjusted,2017=100,2026-04,Board of Governors of the Federal Reserve System G.17
fed_g17,industrial_production_index,IP.G32212.S,32212,322120,broader_published,2025-06-01,60.4383,Industrial production index (2017=100),Seasonally adjusted,2017=100,2026-04,Board of Governors of the Federal Reserve System G.17
fed_g17,industrial_production_index,IP.G32212.S,32212,322120,broader_published,2025-07-01,59.8757,Industrial production index (2017=100),Seasonally adjusted,2017=100,2026-04,Board of Governors of the Federal Reserve System G.17
fed_g17,industrial_production_index,IP.G32212.S,32212,322120,broader_published,2025-08-01,58.1694,Industrial production index (2017=100),Seasonally adjusted,2017=100,2026-04,Board of Governors of the Federal Reserve System G.17
fed_g17,industrial_production_index,IP.G32212.S,32212,322120,broader_published,2025-09-01,57.3651,Industrial production index (2017=100),Seasonally adjusted,2017=100,2026-04,Board of Governors of the Federal Reserve System G.17
fed_g17,industrial_production_index,IP.G32212.S,32212,322120,broader_published,2025-10-01,55.7936,Industrial production index (2017=100),Seasonally adjusted,2017=100,2026-04,Board of Governors of the Federal Reserve System G.17
fed_g17,industrial_production_index,IP.G32212.S,32212,322120,broader_published,2025-11-01,56.7487,Industrial production index (2017=100),Seasonally adjusted,2017=100,2026-04,Board of Governors of the Federal Reserve System G.17
fed_g17,industrial_production_index,IP.G32212.S,32212,322120,broader_published,2025-12-01,56.0751,Industrial production index (2017=100),Seasonally adjusted,2017=100,2026-04,Board of Governors of the Federal Reserve System G.17
fed_g17,industrial_production_index,IP.G32212.S,32212,322120,broader_published,2026-01-01,54.9559,Industrial production index (2017=100),Seasonally adjusted,2017=100,2026-04,Board of Governors of the Federal Reserve System G.17
fed_g17,industrial_production_index,IP.G32212.S,32212,322120,broader_published,2026-02-01,56.493,Industrial production index (2017=100),Seasonally adjusted,2017=100,2026-04,Board of Governors of the Federal Reserve System G.17
fed_g17,industrial_production_index,IP.G32212.S,32212,322120,broader_published,2026-03-01,57.5704,Industrial production index (2017=100),Seasonally adjusted,2017=100,2026-04,Board of Governors of the Federal Reserve System G.17
fed_g17,industrial_production_index,IP.G32212.S,32212,322120,broader_published,2026-04-01,57.374,Industrial production index (2017=100),Seasonally adjusted,2017=100,2026-04,Board of Governors of the Federal Reserve System G.17
fed_g17,industrial_production_index,IP.G3261.S,3261,326111,broader_published,2024-01-01,98.3739,Industrial production index (2017=100),Seasonally adjusted,2017=100,2026-04,Board of Governors of the Federal Reserve System G.17
fed_g17,industrial_production_index,IP.G3261.S,3261,326111,broader_published,2024-02-01,98.7484,Industrial production index (2017=100),Seasonally adjusted,2017=100,2026-04,Board of Governors of the Federal Reserve System G.17
fed_g17,industrial_production_index,IP.G3261.S,3261,326111,broader_published,2024-03-01,98.718,Industrial production index (2017=100),Seasonally adjusted,2017=100,2026-04,Board of Governors of the Federal Reserve System G.17
fed_g17,industrial_production_index,IP.G3261.S,3261,326111,broader_published,2024-04-01,99.4089,Industrial production index (2017=100),Seasonally adjusted,2017=100,2026-04,Board of Governors of the Federal Reserve System G.17
fed_g17,industrial_production_index,IP.G3261.S,3261,326111,broader_published,2024-05-01,99.2184,Industrial production index (2017=100),Seasonally adjusted,2017=100,2026-04,Board of Governors of the Federal Reserve System G.17
fed_g17,industrial_production_index,IP.G3261.S,3261,326111,broader_published,2024-06-01,97.4326,Industrial production index (2017=100),Seasonally adjusted,2017=100,2026-04,Board of Governors of the Federal Reserve System G.17
fed_g17,industrial_production_index,IP.G3261.S,3261,326111,broader_published,2024-07-01,97.6006,Industrial production index (2017=100),Seasonally adjusted,2017=100,2026-04,Board of Governors of the Federal Reserve System G.17
fed_g17,industrial_production_index,IP.G3261.S,3261,326111,broader_published,2024-08-01,95.7984,Industrial production index (2017=100),Seasonally adjusted,2017=100,2026-04,Board of Governors of the Federal Reserve System G.17
fed_g17,industrial_production_index,IP.G3261.S,3261,326111,broader_published,2024-09-01,94.7909,Industrial production index (2017=100),Seasonally adjusted,2017=100,2026-04,Board of Governors of the Federal Reserve System G.17
fed_g17,industrial_production_index,IP.G3261.S,3261,326111,broader_published,2024-10-01,94.5634,Industrial production index (2017=100),Seasonally adjusted,2017=100,2026-04,Board of Governors of the Federal Reserve System G.17
fed_g17,industrial_production_index,IP.G3261.S,3261,326111,broader_published,2024-11-01,94.6846,Industrial production index (2017=100),Seasonally adjusted,2017=100,2026-04,Board of Governors of the Federal Reserve System G.17
fed_g17,industrial_production_index,IP.G3261.S,3261,326111,broader_published,2024-12-01,94.769,Industrial production index (2017=100),Seasonally adjusted,2017=100,2026-04,Board of Governors of the Federal Reserve System G.17
fed_g17,industrial_production_index,IP.G3261.S,3261,326111,broader_published,2025-01-01,93.9737,Industrial production index (2017=100),Seasonally adjusted,2017=100,2026-04,Board of Governors of the Federal Reserve System G.17
fed_g17,industrial_production_index,IP.G3261.S,3261,326111,broader_published,2025-02-01,94.6689,Industrial production index (2017=100),Seasonally adjusted,2017=100,2026-04,Board of Governors of the Federal Reserve System G.17
fed_g17,industrial_production_index,IP.G3261.S,3261,326111,broader_published,2025-03-01,96.6835,Industrial production index (2017=100),Seasonally adjusted,2017=100,2026-04,Board of Governors of the Federal Reserve System G.17
fed_g17,industrial_production_index,IP.G3261.S,3261,326111,broader_published,2025-04-01,96.4667,Industrial production index (2017=100),Seasonally adjusted,2017=100,2026-04,Board of Governors of the Federal Reserve System G.17
fed_g17,industrial_production_index,IP.G3261.S,3261,326111,broader_published,2025-05-01,95.6146,Industrial production index (2017=100),Seasonally adjusted,2017=100,2026-04,Board of Governors of the Federal Reserve System G.17
fed_g17,industrial_production_index,IP.G3261.S,3261,326111,broader_published,2025-06-01,95.4061,Industrial production index (2017=100),Seasonally adjusted,2017=100,2026-04,Board of Governors of the Federal Reserve System G.17
fed_g17,industrial_production_index,IP.G3261.S,3261,326111,broader_published,2025-07-01,94.48,Industrial production index (2017=100),Seasonally adjusted,2017=100,2026-04,Board of Governors of the Federal Reserve System G.17
fed_g17,industrial_production_index,IP.G3261.S,3261,326111,broader_published,2025-08-01,95.3417,Industrial production index (2017=100),Seasonally adjusted,2017=100,2026-04,Board of Governors of the Federal Reserve System G.17
fed_g17,industrial_production_index,IP.G3261.S,3261,326111,broader_published,2025-09-01,95.5386,Industrial production index (2017=100),Seasonally adjusted,2017=100,2026-04,Board of Governors of the Federal Reserve System G.17
fed_g17,industrial_production_index,IP.G3261.S,3261,326111,broader_published,2025-10-01,93.9261,Industrial production index (2017=100),Seasonally adjusted,2017=100,2026-04,Board of Governors of the Federal Reserve System G.17
fed_g17,industrial_production_index,IP.G3261.S,3261,326111,broader_published,2025-11-01,94.4582,Industrial production index (2017=100),Seasonally adjusted,2017=100,2026-04,Board of Governors of the Federal Reserve System G.17
fed_g17,industrial_production_index,IP.G3261.S,3261,326111,broader_published,2025-12-01,94.4789,Industrial production index (2017=100),Seasonally adjusted,2017=100,2026-04,Board of Governors of the Federal Reserve System G.17
fed_g17,industrial_production_index,IP.G3261.S,3261,326111,broader_published,2026-01-01,95.2455,Industrial production index (2017=100),Seasonally adjusted,2017=100,2026-04,Board of Governors of the Federal Reserve System G.17
fed_g17,industrial_production_index,IP.G3261.S,3261,326111,broader_published,2026-02-01,95.465,Industrial production index (2017=100),Seasonally adjusted,2017=100,2026-04,Board of Governors of the Federal Reserve System G.17
fed_g17,industrial_production_index,IP.G3261.S,3261,326111,broader_published,2026-03-01,96.5878,Industrial production index (2017=100),Seasonally adjusted,2017=100,2026-04,Board of Governors of the Federal Reserve System G.17
fed_g17,industrial_production_index,IP.G3261.S,3261,326111,broader_published,2026-04-01,95.7476,Industrial production index (2017=100),Seasonally adjusted,2017=100,2026-04,Board of Governors of the Federal Reserve System G.17
fed_g17,industrial_production_index,IP.G3311A2.S,"3311,3312",331110,broader_published,2024-01-01,103.7091,Industrial production index (2017=100),Seasonally adjusted,2017=100,2026-04,Board of Governors of the Federal Reserve System G.17
fed_g17,industrial_production_index,IP.G3311A2.S,"3311,3312",331110,broader_published,2024-02-01,104.5002,Industrial production index (2017=100),Seasonally adjusted,2017=100,2026-04,Board of Governors of the Federal Reserve System G.17
fed_g17,industrial_production_index,IP.G3311A2.S,"3311,3312",331110,broader_published,2024-03-01,104.7224,Industrial production index (2017=100),Seasonally adjusted,2017=100,2026-04,Board of Governors of the Federal Reserve System G.17
fed_g17,industrial_production_index,IP.G3311A2.S,"3311,3312",331110,broader_published,2024-04-01,103.0769,Industrial production index (2017=100),Seasonally adjusted,2017=100,2026-04,Board of Governors of the Federal Reserve System G.17
fed_g17,industrial_production_index,IP.G3311A2.S,"3311,3312",331110,broader_published,2024-05-01,103.9971,Industrial production index (2017=100),Seasonally adjusted,2017=100,2026-04,Board of Governors of the Federal Reserve System G.17
fed_g17,industrial_production_index,IP.G3311A2.S,"3311,3312",331110,broader_published,2024-06-01,102.0019,Industrial production index (2017=100),Seasonally adjusted,2017=100,2026-04,Board of Governors of the Federal Reserve System G.17
fed_g17,industrial_production_index,IP.G3311A2.S,"3311,3312",331110,broader_published,2024-07-01,102.7684,Industrial production index (2017=100),Seasonally adjusted,2017=100,2026-04,Board of Governors of the Federal Reserve System G.17
fed_g17,industrial_production_index,IP.G3311A2.S,"3311,3312",331110,broader_published,2024-08-01,104.0918,Industrial production index (2017=100),Seasonally adjusted,2017=100,2026-04,Board of Governors of the Federal Reserve System G.17
fed_g17,industrial_production_index,IP.G3311A2.S,"3311,3312",331110,broader_published,2024-09-01,105.6813,Industrial production index (2017=100),Seasonally adjusted,2017=100,2026-04,Board of Governors of the Federal Reserve System G.17
fed_g17,industrial_production_index,IP.G3311A2.S,"3311,3312",331110,broader_published,2024-10-01,102.6025,Industrial production index (2017=100),Seasonally adjusted,2017=100,2026-04,Board of Governors of the Federal Reserve System G.17
fed_g17,industrial_production_index,IP.G3311A2.S,"3311,3312",331110,broader_published,2024-11-01,101.7834,Industrial production index (2017=100),Seasonally adjusted,2017=100,2026-04,Board of Governors of the Federal Reserve System G.17
fed_g17,industrial_production_index,IP.G3311A2.S,"3311,3312",331110,broader_published,2024-12-01,106.2205,Industrial production index (2017=100),Seasonally adjusted,2017=100,2026-04,Board of Governors of the Federal Reserve System G.17
fed_g17,industrial_production_index,IP.G3311A2.S,"3311,3312",331110,broader_published,2025-01-01,106.2743,Industrial production index (2017=100),Seasonally adjusted,2017=100,2026-04,Board of Governors of the Federal Reserve System G.17
fed_g17,industrial_production_index,IP.G3311A2.S,"3311,3312",331110,broader_published,2025-02-01,105.7223,Industrial production index (2017=100),Seasonally adjusted,2017=100,2026-04,Board of Governors of the Federal Reserve System G.17
fed_g17,industrial_production_index,IP.G3311A2.S,"3311,3312",331110,broader_published,2025-03-01,106.8422,Industrial production index (2017=100),Seasonally adjusted,2017=100,2026-04,Board of Governors of the Federal Reserve System G.17
fed_g17,industrial_production_index,IP.G3311A2.S,"3311,3312",331110,broader_published,2025-04-01,106.4246,Industrial production index (2017=100),Seasonally adjusted,2017=100,2026-04,Board of Governors of the Federal Reserve System G.17
fed_g17,industrial_production_index,IP.G3311A2.S,"3311,3312",331110,broader_published,2025-05-01,104.9287,Industrial production index (2017=100),Seasonally adjusted,2017=100,2026-04,Board of Governors of the Federal Reserve System G.17
fed_g17,industrial_production_index,IP.G3311A2.S,"3311,3312",331110,broader_published,2025-06-01,109.6206,Industrial production index (2017=100),Seasonally adjusted,2017=100,2026-04,Board of Governors of the Federal Reserve System G.17
fed_g17,industrial_production_index,IP.G3311A2.S,"3311,3312",331110,broader_published,2025-07-01,110.216,Industrial production index (2017=100),Seasonally adjusted,2017=100,2026-04,Board of Governors of the Federal Reserve System G.17
fed_g17,industrial_production_index,IP.G3311A2.S,"3311,3312",331110,broader_published,2025-08-01,108.1238,Industrial production index (2017=100),Seasonally adjusted,2017=100,2026-04,Board of Governors of the Federal Reserve System G.17
fed_g17,industrial_production_index,IP.G3311A2.S,"3311,3312",331110,broader_published,2025-09-01,115.5784,Industrial production index (2017=100),Seasonally adjusted,2017=100,2026-04,Board of Governors of the Federal Reserve System G.17
fed_g17,industrial_production_index,IP.G3311A2.S,"3311,3312",331110,broader_published,2025-10-01,111.6527,Industrial production index (2017=100),Seasonally adjusted,2017=100,2026-04,Board of Governors of the Federal Reserve System G.17
fed_g17,industrial_production_index,IP.G3311A2.S,"3311,3312",331110,broader_published,2025-11-01,107.3732,Industrial production index (2017=100),Seasonally adjusted,2017=100,2026-04,Board of Governors of the Federal Reserve System G.17
fed_g17,industrial_production_index,IP.G3311A2.S,"3311,3312",331110,broader_published,2025-12-01,109.6752,Industrial production index (2017=100),Seasonally adjusted,2017=100,2026-04,Board of Governors of the Federal Reserve System G.17
fed_g17,industrial_production_index,IP.G3311A2.S,"3311,3312",331110,broader_published,2026-01-01,108.3651,Industrial production index (2017=100),Seasonally adjusted,2017=100,2026-04,Board of Governors of the Federal Reserve System G.17
fed_g17,industrial_production_index,IP.G3311A2.S,"3311,3312",331110,broader_published,2026-02-01,111.821,Industrial production index (2017=100),Seasonally adjusted,2017=100,2026-04,Board of Governors of the Federal Reserve System G.17
fed_g17,industrial_production_index,IP.G3311A2.S,"3311,3312",331110,broader_published,2026-03-01,112.7112,Industrial production index (2017=100),Seasonally adjusted,2017=100,2026-04,Board of Governors of the Federal Reserve System G.17
fed_g17,industrial_production_index,IP.G3311A2.S,"3311,3312",331110,broader_published,2026-04-01,109.6588,Industrial production index (2017=100),Seasonally adjusted,2017=100,2026-04,Board of Governors of the Federal Reserve System G.17
fed_g17,industrial_production_index,IP.G3341.S,3341,334111,broader_published,2024-01-01,135.4302,Industrial production index (2017=100),Seasonally adjusted,2017=100,2026-04,Board of Governors of the Federal Reserve System G.17
fed_g17,industrial_production_index,IP.G3341.S,3341,334111,broader_published,2024-02-01,136.3983,Industrial production index (2017=100),Seasonally adjusted,2017=100,2026-04,Board of Governors of the Federal Reserve System G.17
fed_g17,industrial_production_index,IP.G3341.S,3341,334111,broader_published,2024-03-01,141.2271,Industrial production index (2017=100),Seasonally adjusted,2017=100,2026-04,Board of Governors of the Federal Reserve System G.17
fed_g17,industrial_production_index,IP.G3341.S,3341,334111,broader_published,2024-04-01,142.0249,Industrial production index (2017=100),Seasonally adjusted,2017=100,2026-04,Board of Governors of the Federal Reserve System G.17
fed_g17,industrial_production_index,IP.G3341.S,3341,334111,broader_published,2024-05-01,144.1395,Industrial production index (2017=100),Seasonally adjusted,2017=100,2026-04,Board of Governors of the Federal Reserve System G.17
fed_g17,industrial_production_index,IP.G3341.S,3341,334111,broader_published,2024-06-01,142.7852,Industrial production index (2017=100),Seasonally adjusted,2017=100,2026-04,Board of Governors of the Federal Reserve System G.17
fed_g17,industrial_production_index,IP.G3341.S,3341,334111,broader_published,2024-07-01,142.2301,Industrial production index (2017=100),Seasonally adjusted,2017=100,2026-04,Board of Governors of the Federal Reserve System G.17
fed_g17,industrial_production_index,IP.G3341.S,3341,334111,broader_published,2024-08-01,144.1348,Industrial production index (2017=100),Seasonally adjusted,2017=100,2026-04,Board of Governors of the Federal Reserve System G.17
fed_g17,industrial_production_index,IP.G3341.S,3341,334111,broader_published,2024-09-01,149.9479,Industrial production index (2017=100),Seasonally adjusted,2017=100,2026-04,Board of Governors of the Federal Reserve System G.17
fed_g17,industrial_production_index,IP.G3341.S,3341,334111,broader_published,2024-10-01,152.4544,Industrial production index (2017=100),Seasonally adjusted,2017=100,2026-04,Board of Governors of the Federal Reserve System G.17
fed_g17,industrial_production_index,IP.G3341.S,3341,334111,broader_published,2024-11-01,151.4876,Industrial production index (2017=100),Seasonally adjusted,2017=100,2026-04,Board of Governors of the Federal Reserve System G.17
fed_g17,industrial_production_index,IP.G3341.S,3341,334111,broader_published,2024-12-01,157.5736,Industrial production index (2017=100),Seasonally adjusted,2017=100,2026-04,Board of Governors of the Federal Reserve System G.17
fed_g17,industrial_production_index,IP.G3341.S,3341,334111,broader_published,2025-01-01,158.6648,Industrial production index (2017=100),Seasonally adjusted,2017=100,2026-04,Board of Governors of the Federal Reserve System G.17
fed_g17,industrial_production_index,IP.G3341.S,3341,334111,broader_published,2025-02-01,159.9524,Industrial production index (2017=100),Seasonally adjusted,2017=100,2026-04,Board of Governors of the Federal Reserve System G.17
fed_g17,industrial_production_index,IP.G3341.S,3341,334111,broader_published,2025-03-01,159.9616,Industrial production index (2017=100),Seasonally adjusted,2017=100,2026-04,Board of Governors of the Federal Reserve System G.17
fed_g17,industrial_production_index,IP.G3341.S,3341,334111,broader_published,2025-04-01,159.1169,Industrial production index (2017=100),Seasonally adjusted,2017=100,2026-04,Board of Governors of the Federal Reserve System G.17
fed_g17,industrial_production_index,IP.G3341.S,3341,334111,broader_published,2025-05-01,163.6835,Industrial production index (2017=100),Seasonally adjusted,2017=100,2026-04,Board of Governors of the Federal Reserve System G.17
fed_g17,industrial_production_index,IP.G3341.S,3341,334111,broader_published,2025-06-01,164.5429,Industrial production index (2017=100),Seasonally adjusted,2017=100,2026-04,Board of Governors of the Federal Reserve System G.17
fed_g17,industrial_production_index,IP.G3341.S,3341,334111,broader_published,2025-07-01,171.0941,Industrial production index (2017=100),Seasonally adjusted,2017=100,2026-04,Board of Governors of the Federal Reserve System G.17
fed_g17,industrial_production_index,IP.G3341.S,3341,334111,broader_published,2025-08-01,170.6425,Industrial production index (2017=100),Seasonally adjusted,2017=100,2026-04,Board of Governors of the Federal Reserve System G.17
fed_g17,industrial_production_index,IP.G3341.S,3341,334111,broader_published,2025-09-01,171.5279,Industrial production index (2017=100),Seasonally adjusted,2017=100,2026-04,Board of Governors of the Federal Reserve System G.17
fed_g17,industrial_production_index,IP.G3341.S,3341,334111,broader_published,2025-10-01,170.4791,Industrial production index (2017=100),Seasonally adjusted,2017=100,2026-04,Board of Governors of the Federal Reserve System G.17
fed_g17,industrial_production_index,IP.G3341.S,3341,334111,broader_published,2025-11-01,169.3777,Industrial production index (2017=100),Seasonally adjusted,2017=100,2026-04,Board of Governors of the Federal Reserve System G.17
fed_g17,industrial_production_index,IP.G3341.S,3341,334111,broader_published,2025-12-01,168.7953,Industrial production index (2017=100),Seasonally adjusted,2017=100,2026-04,Board of Governors of the Federal Reserve System G.17
fed_g17,industrial_production_index,IP.G3341.S,3341,334111,broader_published,2026-01-01,175.5434,Industrial production index (2017=100),Seasonally adjusted,2017=100,2026-04,Board of Governors of the Federal Reserve System G.17
fed_g17,industrial_production_index,IP.G3341.S,3341,334111,broader_published,2026-02-01,178.014,Industrial production index (2017=100),Seasonally adjusted,2017=100,2026-04,Board of Governors of the Federal Reserve System G.17
fed_g17,industrial_production_index,IP.G3341.S,3341,334111,broader_published,2026-03-01,179.9256,Industrial production index (2017=100),Seasonally adjusted,2017=100,2026-04,Board of Governors of the Federal Reserve System G.17
fed_g17,industrial_production_index,IP.G3341.S,3341,334111,broader_published,2026-04-01,182.3641,Industrial production index (2017=100),Seasonally adjusted,2017=100,2026-04,Board of Governors of the Federal Reserve System G.17
fed_g17,industrial_production_index,IP.G33611.S,33611,336110,broader_published,2024-01-01,113.0136,Industrial production index (2017=100),Seasonally adjusted,2017=100,2026-04,Board of Governors of the Federal Reserve System G.17
fed_g17,industrial_production_index,IP.G33611.S,33611,336110,broader_published,2024-02-01,121.6147,Industrial production index (2017=100),Seasonally adjusted,2017=100,2026-04,Board of Governors of the Federal Reserve System G.17
fed_g17,industrial_production_index,IP.G33611.S,33611,336110,broader_published,2024-03-01,123.4481,Industrial production index (2017=100),Seasonally adjusted,2017=100,2026-04,Board of Governors of the Federal Reserve System G.17
fed_g17,industrial_production_index,IP.G33611.S,33611,336110,broader_published,2024-04-01,120.3759,Industrial production index (2017=100),Seasonally adjusted,2017=100,2026-04,Board of Governors of the Federal Reserve System G.17
fed_g17,industrial_production_index,IP.G33611.S,33611,336110,broader_published,2024-05-01,121.1743,Industrial production index (2017=100),Seasonally adjusted,2017=100,2026-04,Board of Governors of the Federal Reserve System G.17
fed_g17,industrial_production_index,IP.G33611.S,33611,336110,broader_published,2024-06-01,123.0776,Industrial production index (2017=100),Seasonally adjusted,2017=100,2026-04,Board of Governors of the Federal Reserve System G.17
fed_g17,industrial_production_index,IP.G33611.S,33611,336110,broader_published,2024-07-01,104.0643,Industrial production index (2017=100),Seasonally adjusted,2017=100,2026-04,Board of Governors of the Federal Reserve System G.17
fed_g17,industrial_production_index,IP.G33611.S,33611,336110,broader_published,2024-08-01,120.2501,Industrial production index (2017=100),Seasonally adjusted,2017=100,2026-04,Board of Governors of the Federal Reserve System G.17
fed_g17,industrial_production_index,IP.G33611.S,33611,336110,broader_published,2024-09-01,120.3905,Industrial production index (2017=100),Seasonally adjusted,2017=100,2026-04,Board of Governors of the Federal Reserve System G.17
fed_g17,industrial_production_index,IP.G33611.S,33611,336110,broader_published,2024-10-01,115.6573,Industrial production index (2017=100),Seasonally adjusted,2017=100,2026-04,Board of Governors of the Federal Reserve System G.17
fed_g17,industrial_production_index,IP.G33611.S,33611,336110,broader_published,2024-11-01,119.1473,Industrial production index (2017=100),Seasonally adjusted,2017=100,2026-04,Board of Governors of the Federal Reserve System G.17
fed_g17,industrial_production_index,IP.G33611.S,33611,336110,broader_published,2024-12-01,111.853,Industrial production index (2017=100),Seasonally adjusted,2017=100,2026-04,Board of Governors of the Federal Reserve System G.17
fed_g17,industrial_production_index,IP.G33611.S,33611,336110,broader_published,2025-01-01,102.5931,Industrial production index (2017=100),Seasonally adjusted,2017=100,2026-04,Board of Governors of the Federal Reserve System G.17
fed_g17,industrial_production_index,IP.G33611.S,33611,336110,broader_published,2025-02-01,117.9912,Industrial production index (2017=100),Seasonally adjusted,2017=100,2026-04,Board of Governors of the Federal Reserve System G.17
fed_g17,industrial_production_index,IP.G33611.S,33611,336110,broader_published,2025-03-01,116.8839,Industrial production index (2017=100),Seasonally adjusted,2017=100,2026-04,Board of Governors of the Federal Reserve System G.17
fed_g17,industrial_production_index,IP.G33611.S,33611,336110,broader_published,2025-04-01,117.7115,Industrial production index (2017=100),Seasonally adjusted,2017=100,2026-04,Board of Governors of the Federal Reserve System G.17
fed_g17,industrial_production_index,IP.G33611.S,33611,336110,broader_published,2025-05-01,126.3858,Industrial production index (2017=100),Seasonally adjusted,2017=100,2026-04,Board of Governors of the Federal Reserve System G.17
fed_g17,industrial_production_index,IP.G33611.S,33611,336110,broader_published,2025-06-01,123.2207,Industrial production index (2017=100),Seasonally adjusted,2017=100,2026-04,Board of Governors of the Federal Reserve System G.17
fed_g17,industrial_production_index,IP.G33611.S,33611,336110,broader_published,2025-07-01,122.2458,Industrial production index (2017=100),Seasonally adjusted,2017=100,2026-04,Board of Governors of the Federal Reserve System G.17
fed_g17,industrial_production_index,IP.G33611.S,33611,336110,broader_published,2025-08-01,127.9054,Industrial production index (2017=100),Seasonally adjusted,2017=100,2026-04,Board of Governors of the Federal Reserve System G.17
fed_g17,industrial_production_index,IP.G33611.S,33611,336110,broader_published,2025-09-01,124.0605,Industrial production index (2017=100),Seasonally adjusted,2017=100,2026-04,Board of Governors of the Federal Reserve System G.17
fed_g17,industrial_production_index,IP.G33611.S,33611,336110,broader_published,2025-10-01,112.829,Industrial production index (2017=100),Seasonally adjusted,2017=100,2026-04,Board of Governors of the Federal Reserve System G.17
fed_g17,industrial_production_index,IP.G33611.S,33611,336110,broader_published,2025-11-01,109.8478,Industrial production index (2017=100),Seasonally adjusted,2017=100,2026-04,Board of Governors of the Federal Reserve System G.17
fed_g17,industrial_production_index,IP.G33611.S,33611,336110,broader_published,2025-12-01,110.6896,Industrial production index (2017=100),Seasonally adjusted,2017=100,2026-04,Board of Governors of the Federal Reserve System G.17
fed_g17,industrial_production_index,IP.G33611.S,33611,336110,broader_published,2026-01-01,115.0216,Industrial production index (2017=100),Seasonally adjusted,2017=100,2026-04,Board of Governors of the Federal Reserve System G.17
fed_g17,industrial_production_index,IP.G33611.S,33611,336110,broader_published,2026-02-01,120.4191,Industrial production index (2017=100),Seasonally adjusted,2017=100,2026-04,Board of Governors of the Federal Reserve System G.17
fed_g17,industrial_production_index,IP.G33611.S,33611,336110,broader_published,2026-03-01,117.2673,Industrial production index (2017=100),Seasonally adjusted,2017=100,2026-04,Board of Governors of the Federal Reserve System G.17
fed_g17,industrial_production_index,IP.G33611.S,33611,336110,broader_published,2026-04-01,121.6609,Industrial production index (2017=100),Seasonally adjusted,2017=100,2026-04,Board of Governors of the Federal Reserve System G.17
fed_g17,industrial_production_index,IP.N31212.S,31212,312120,broader_published,2024-01-01,87.0108,Industrial production index (2017=100),Seasonally adjusted,2017=100,2026-04,Board of Governors of the Federal Reserve System G.17
fed_g17,industrial_production_index,IP.N31212.S,31212,312120,broader_published,2024-02-01,87.3397,Industrial production index (2017=100),Seasonally adjusted,2017=100,2026-04,Board of Governors of the Federal Reserve System G.17
fed_g17,industrial_production_index,IP.N31212.S,31212,312120,broader_published,2024-03-01,83.9303,Industrial production index (2017=100),Seasonally adjusted,2017=100,2026-04,Board of Governors of the Federal Reserve System G.17
fed_g17,industrial_production_index,IP.N31212.S,31212,312120,broader_published,2024-04-01,81.9355,Industrial production index (2017=100),Seasonally adjusted,2017=100,2026-04,Board of Governors of the Federal Reserve System G.17
fed_g17,industrial_production_index,IP.N31212.S,31212,312120,broader_published,2024-05-01,81.9162,Industrial production index (2017=100),Seasonally adjusted,2017=100,2026-04,Board of Governors of the Federal Reserve System G.17
fed_g17,industrial_production_index,IP.N31212.S,31212,312120,broader_published,2024-06-01,87.4574,Industrial production index (2017=100),Seasonally adjusted,2017=100,2026-04,Board of Governors of the Federal Reserve System G.17
fed_g17,industrial_production_index,IP.N31212.S,31212,312120,broader_published,2024-07-01,78.7335,Industrial production index (2017=100),Seasonally adjusted,2017=100,2026-04,Board of Governors of the Federal Reserve System G.17
fed_g17,industrial_production_index,IP.N31212.S,31212,312120,broader_published,2024-08-01,81.9328,Industrial production index (2017=100),Seasonally adjusted,2017=100,2026-04,Board of Governors of the Federal Reserve System G.17
fed_g17,industrial_production_index,IP.N31212.S,31212,312120,broader_published,2024-09-01,79.1003,Industrial production index (2017=100),Seasonally adjusted,2017=100,2026-04,Board of Governors of the Federal Reserve System G.17
fed_g17,industrial_production_index,IP.N31212.S,31212,312120,broader_published,2024-10-01,79.1999,Industrial production index (2017=100),Seasonally adjusted,2017=100,2026-04,Board of Governors of the Federal Reserve System G.17
fed_g17,industrial_production_index,IP.N31212.S,31212,312120,broader_published,2024-11-01,79.9422,Industrial production index (2017=100),Seasonally adjusted,2017=100,2026-04,Board of Governors of the Federal Reserve System G.17
fed_g17,industrial_production_index,IP.N31212.S,31212,312120,broader_published,2024-12-01,79.5977,Industrial production index (2017=100),Seasonally adjusted,2017=100,2026-04,Board of Governors of the Federal Reserve System G.17
fed_g17,industrial_production_index,IP.N31212.S,31212,312120,broader_published,2025-01-01,76.8392,Industrial production index (2017=100),Seasonally adjusted,2017=100,2026-04,Board of Governors of the Federal Reserve System G.17
fed_g17,industrial_production_index,IP.N31212.S,31212,312120,broader_published,2025-02-01,81.0448,Industrial production index (2017=100),Seasonally adjusted,2017=100,2026-04,Board of Governors of the Federal Reserve System G.17
fed_g17,industrial_production_index,IP.N31212.S,31212,312120,broader_published,2025-03-01,79.6161,Industrial production index (2017=100),Seasonally adjusted,2017=100,2026-04,Board of Governors of the Federal Reserve System G.17
fed_g17,industrial_production_index,IP.N31212.S,31212,312120,broader_published,2025-04-01,79.2137,Industrial production index (2017=100),Seasonally adjusted,2017=100,2026-04,Board of Governors of the Federal Reserve System G.17
fed_g17,industrial_production_index,IP.N31212.S,31212,312120,broader_published,2025-05-01,80.3101,Industrial production index (2017=100),Seasonally adjusted,2017=100,2026-04,Board of Governors of the Federal Reserve System G.17
fed_g17,industrial_production_index,IP.N31212.S,31212,312120,broader_published,2025-06-01,81.2612,Industrial production index (2017=100),Seasonally adjusted,2017=100,2026-04,Board of Governors of the Federal Reserve System G.17
fed_g17,industrial_production_index,IP.N31212.S,31212,312120,broader_published,2025-07-01,74.462,Industrial production index (2017=100),Seasonally adjusted,2017=100,2026-04,Board of Governors of the Federal Reserve System G.17
fed_g17,industrial_production_index,IP.N31212.S,31212,312120,broader_published,2025-08-01,73.4597,Industrial production index (2017=100),Seasonally adjusted,2017=100,2026-04,Board of Governors of the Federal Reserve System G.17
fed_g17,industrial_production_index,IP.N31212.S,31212,312120,broader_published,2025-09-01,75.1242,Industrial production index (2017=100),Seasonally adjusted,2017=100,2026-04,Board of Governors of the Federal Reserve System G.17
fed_g17,industrial_production_index,IP.N31212.S,31212,312120,broader_published,2025-10-01,75.3883,Industrial production index (2017=100),Seasonally adjusted,2017=100,2026-04,Board of Governors of the Federal Reserve System G.17
fed_g17,industrial_production_index,IP.N31212.S,31212,312120,broader_published,2025-11-01,77.4552,Industrial production index (2017=100),Seasonally adjusted,2017=100,2026-04,Board of Governors of the Federal Reserve System G.17
fed_g17,industrial_production_index,IP.N31212.S,31212,312120,broader_published,2025-12-01,71.4653,Industrial production index (2017=100),Seasonally adjusted,2017=100,2026-04,Board of Governors of the Federal Reserve System G.17
fed_g17,industrial_production_index,IP.N31212.S,31212,312120,broader_published,2026-01-01,70.181,Industrial production index (2017=100),Seasonally adjusted,2017=100,2026-04,Board of Governors of the Federal Reserve System G.17
fed_g17,industrial_production_index,IP.N31212.S,31212,312120,broader_published,2026-02-01,72.6293,Industrial production index (2017=100),Seasonally adjusted,2017=100,2026-04,Board of Governors of the Federal Reserve System G.17
fed_g17,industrial_production_index,IP.N31212.S,31212,312120,broader_published,2026-03-01,76.7854,Industrial production index (2017=100),Seasonally adjusted,2017=100,2026-04,Board of Governors of the Federal Reserve System G.17
fed_g17,industrial_production_index,IP.N31212.S,31212,312120,broader_published,2026-04-01,75.5071,Industrial production index (2017=100),Seasonally adjusted,2017=100,2026-04,Board of Governors of the Federal Reserve System G.17
fed_g17,industrial_production_index,IP.N325211.S,325211,325211,exact,2024-01-01,95.5082,Industrial production index (2017=100),Seasonally adjusted,2017=100,2026-04,Board of Governors of the Federal Reserve System G.17
fed_g17,industrial_production_index,IP.N325211.S,325211,325211,exact,2024-02-01,104.3335,Industrial production index (2017=100),Seasonally adjusted,2017=100,2026-04,Board of Governors of the Federal Reserve System G.17
fed_g17,industrial_production_index,IP.N325211.S,325211,325211,exact,2024-03-01,102.3914,Industrial production index (2017=100),Seasonally adjusted,2017=100,2026-04,Board of Governors of the Federal Reserve System G.17
fed_g17,industrial_production_index,IP.N325211.S,325211,325211,exact,2024-04-01,102.3316,Industrial production index (2017=100),Seasonally adjusted,2017=100,2026-04,Board of Governors of the Federal Reserve System G.17
fed_g17,industrial_production_index,IP.N325211.S,325211,325211,exact,2024-05-01,103.7937,Industrial production index (2017=100),Seasonally adjusted,2017=100,2026-04,Board of Governors of the Federal Reserve System G.17
fed_g17,industrial_production_index,IP.N325211.S,325211,325211,exact,2024-06-01,104.2167,Industrial production index (2017=100),Seasonally adjusted,2017=100,2026-04,Board of Governors of the Federal Reserve System G.17
fed_g17,industrial_production_index,IP.N325211.S,325211,325211,exact,2024-07-01,98.6292,Industrial production index (2017=100),Seasonally adjusted,2017=100,2026-04,Board of Governors of the Federal Reserve System G.17
fed_g17,industrial_production_index,IP.N325211.S,325211,325211,exact,2024-08-01,105.0817,Industrial production index (2017=100),Seasonally adjusted,2017=100,2026-04,Board of Governors of the Federal Reserve System G.17
fed_g17,industrial_production_index,IP.N325211.S,325211,325211,exact,2024-09-01,104.5532,Industrial production index (2017=100),Seasonally adjusted,2017=100,2026-04,Board of Governors of the Federal Reserve System G.17
fed_g17,industrial_production_index,IP.N325211.S,325211,325211,exact,2024-10-01,104.8003,Industrial production index (2017=100),Seasonally adjusted,2017=100,2026-04,Board of Governors of the Federal Reserve System G.17
fed_g17,industrial_production_index,IP.N325211.S,325211,325211,exact,2024-11-01,111.1687,Industrial production index (2017=100),Seasonally adjusted,2017=100,2026-04,Board of Governors of the Federal Reserve System G.17
fed_g17,industrial_production_index,IP.N325211.S,325211,325211,exact,2024-12-01,105.103,Industrial production index (2017=100),Seasonally adjusted,2017=100,2026-04,Board of Governors of the Federal Reserve System G.17
fed_g17,industrial_production_index,IP.N325211.S,325211,325211,exact,2025-01-01,97.8854,Industrial production index (2017=100),Seasonally adjusted,2017=100,2026-04,Board of Governors of the Federal Reserve System G.17
fed_g17,industrial_production_index,IP.N325211.S,325211,325211,exact,2025-02-01,101.9795,Industrial production index (2017=100),Seasonally adjusted,2017=100,2026-04,Board of Governors of the Federal Reserve System G.17
fed_g17,industrial_production_index,IP.N325211.S,325211,325211,exact,2025-03-01,102.4051,Industrial production index (2017=100),Seasonally adjusted,2017=100,2026-04,Board of Governors of the Federal Reserve System G.17
fed_g17,industrial_production_index,IP.N325211.S,325211,325211,exact,2025-04-01,101.11,Industrial production index (2017=100),Seasonally adjusted,2017=100,2026-04,Board of Governors of the Federal Reserve System G.17
fed_g17,industrial_production_index,IP.N325211.S,325211,325211,exact,2025-05-01,96.9775,Industrial production index (2017=100),Seasonally adjusted,2017=100,2026-04,Board of Governors of the Federal Reserve System G.17
fed_g17,industrial_production_index,IP.N325211.S,325211,325211,exact,2025-06-01,105.1378,Industrial production index (2017=100),Seasonally adjusted,2017=100,2026-04,Board of Governors of the Federal Reserve System G.17
fed_g17,industrial_production_index,IP.N325211.S,325211,325211,exact,2025-07-01,105.9945,Industrial production index (2017=100),Seasonally adjusted,2017=100,2026-04,Board of Governors of the Federal Reserve System G.17
fed_g17,industrial_production_index,IP.N325211.S,325211,325211,exact,2025-08-01,105.4427,Industrial production index (2017=100),Seasonally adjusted,2017=100,2026-04,Board of Governors of the Federal Reserve System G.17
fed_g17,industrial_production_index,IP.N325211.S,325211,325211,exact,2025-09-01,104.5866,Industrial production index (2017=100),Seasonally adjusted,2017=100,2026-04,Board of Governors of the Federal Reserve System G.17
fed_g17,industrial_production_index,IP.N325211.S,325211,325211,exact,2025-10-01,100.9537,Industrial production index (2017=100),Seasonally adjusted,2017=100,2026-04,Board of Governors of the Federal Reserve System G.17
fed_g17,industrial_production_index,IP.N325211.S,325211,325211,exact,2025-11-01,104.3685,Industrial production index (2017=100),Seasonally adjusted,2017=100,2026-04,Board of Governors of the Federal Reserve System G.17
fed_g17,industrial_production_index,IP.N325211.S,325211,325211,exact,2025-12-01,101.6485,Industrial production index (2017=100),Seasonally adjusted,2017=100,2026-04,Board of Governors of the Federal Reserve System G.17
fed_g17,industrial_production_index,IP.N325211.S,325211,325211,exact,2026-01-01,102.6429,Industrial production index (2017=100),Seasonally adjusted,2017=100,2026-04,Board of Governors of the Federal Reserve System G.17
fed_g17,industrial_production_index,IP.N325211.S,325211,325211,exact,2026-02-01,103.1388,Industrial production index (2017=100),Seasonally adjusted,2017=100,2026-04,Board of Governors of the Federal Reserve System G.17
fed_g17,industrial_production_index,IP.N325211.S,325211,325211,exact,2026-03-01,105.5498,Industrial production index (2017=100),Seasonally adjusted,2017=100,2026-04,Board of Governors of the Federal Reserve System G.17
fed_g17,industrial_production_index,IP.N325211.S,325211,325211,exact,2026-04-01,109.5315,Industrial production index (2017=100),Seasonally adjusted,2017=100,2026-04,Board of Governors of the Federal Reserve System G.17
